NUM,EMA_5,EMA_10,EMA_15,ROC_5,ROC_10,ROC_15,FORCE_5,FORCE_10,FORCE_15,MFM,ACDL,TARGET
0,49.366,49.480,52.234,-9.064,-13.108,-16.577,-18863601.899,-23921241.606,7625285.077,0.362,-52732082.763,47.770
1,48.834,49.169,51.676,-2.010,-12.091,-17.624,-13723696.309,-20198085.883,6241638.801,-0.169,-53921493.640,48.800
2,48.823,49.102,51.317,1.667,-9.996,-15.071,-5760061.446,-14677123.308,6732334.986,0.880,-45230654.987,48.650
3,48.765,49.020,50.983,1.502,-9.455,-15.052,-4819211.814,-12542648.625,5523604.044,-0.753,-59967340.021,48.830
4,48.787,48.985,50.714,1.181,-11.827,-13.160,-2802240.476,-10038221.202,4987116.313,0.952,-53450397.164,50.870
5,49.481,49.328,50.734,6.489,-4.145,-8.408,8907657.563,-2335371.231,8404658.479,-0.011,-53632544.187,51.230
6,50.064,49.674,50.796,4.980,5.087,-5.723,7087710.175,-1283882.752,7785053.094,-0.863,-61899236.082,52.250
7,50.793,50.142,50.977,7.400,8.854,-3.633,8716490.557,1126650.715,8308677.872,0.592,-54945978.528,54.690
8,52.092,50.969,51.442,12.001,14.104,1.787,17373342.811,7228541.007,11605974.053,0.877,-42479637.435,54.120
9,52.768,51.542,51.776,6.389,12.143,-2.275,10276361.011,5201969.444,9665526.973,-0.528,-46109984.415,56.780
10,54.105,52.494,52.402,10.833,18.861,6.991,17670383.747,10157689.403,12514639.754,0.986,-34078829.408,56.780
11,54.997,53.274,52.949,8.670,16.352,16.472,11780255.831,8310836.784,10950309.785,0.696,-28241438.522,57.300
12,55.765,54.006,53.493,4.772,17.780,19.375,9634326.568,7771133.376,10249329.567,0.514,-22957678.922,57.800
13,56.443,54.695,54.031,6.800,18.370,20.593,7250939.878,6809866.672,9278684.183,0.479,-20578477.203,57.900
14,56.929,55.278,54.515,1.973,13.820,19.975,4990732.819,5657221.586,8177638.498,-0.143,-21250361.061,57.150
15,57.002,55.618,54.844,0.652,11.556,19.636,2349179.213,4095194.388,6788692.686,-0.278,-22338635.106,58.710
16,57.572,56.181,55.328,2.461,12.364,20.307,7055440.195,6344788.529,7998601.370,-0.195,-24396235.767,58.980
17,58.041,56.690,55.784,2.042,7.844,21.233,5021235.177,5364431.549,7117879.341,0.614,-22230170.953,60.250
18,58.777,57.337,56.342,4.059,11.327,23.387,7327442.788,6559963.633,7720626.675,0.852,-14224558.355,58.690
19,58.748,57.583,56.636,2.695,3.364,15.373,1989147.899,3787708.085,5669618.105,-0.616,-17653427.756,59.420
20,58.972,57.917,56.984,1.209,4.650,15.987,2972341.309,3996984.457,5578256.858,0.049,-17322255.260,58.910
21,58.951,58.097,57.225,-0.119,2.810,12.746,1373989.373,2938857.374,4653135.439,-0.669,-19713845.861,59.110
22,59.004,58.282,57.460,-1.892,2.266,8.082,1176583.982,2546660.251,4169215.159,-0.496,-21651283.792,59.540
23,59.183,58.510,57.720,1.448,2.832,10.015,1305292.755,2367760.260,3843402.051,0.434,-20074173.792,62.820
24,60.395,59.294,58.358,5.722,9.921,10.638,11509590.210,7740564.780,7352749.935,0.762,-12659961.220,62.270
25,61.020,59.835,58.847,5.704,6.064,9.669,6648254.673,5774204.566,6049354.143,0.451,-10141458.275,62.300
26,61.447,60.283,59.278,5.397,5.629,8.726,4484758.762,4753034.088,5312905.743,-0.121,-10777149.242,62.770
27,61.888,60.735,59.715,5.425,4.183,8.599,4086023.151,4486764.605,5059861.516,-0.577,-14813833.281,62.620
28,62.132,61.078,60.078,-0.318,6.696,8.152,2467951.284,3531317.868,4331354.770,0.561,-11942362.466,63.660
29,62.641,61.547,60.526,2.232,7.136,11.391,3513797.096,3908439.841,4490621.514,0.917,-7001627.216,62.150
30,62.478,61.657,60.729,-0.241,5.500,5.859,-828904.489,1467940.295,2740005.367,-0.094,-7593137.085,60.790
31,61.915,61.499,60.736,-3.154,2.842,3.069,-3232740.939,-260851.366,1392452.966,-0.778,-12191412.974,59.330
32,61.053,61.105,60.561,-5.254,-0.353,-1.527,-5563167.086,-2072336.459,-59606.077,-0.229,-13798105.221,59.250
33,60.452,60.768,60.397,-6.927,-5.683,0.954,-3823806.084,-1758290.572,-95290.827,-0.796,-17231339.690,59.630
34,60.178,60.561,60.301,-4.055,-4.240,0.353,-2012921.076,-1146083.388,117726.644,-0.516,-19416533.497,59.450
35,59.935,60.359,60.195,-2.204,-4.575,0.917,-1604787.584,-1081071.972,4445.738,0.107,-18947175.997,59.900
36,59.924,60.275,60.158,0.961,-4.572,1.336,146702.361,-220934.841,460100.302,-0.842,-25778520.710,59.310
37,59.719,60.100,60.052,0.101,-5.286,-0.386,-1282810.030,-933825.744,-115141.587,0.446,-22645601.817,60.140
38,59.859,60.107,60.063,0.855,-5.529,-4.266,275669.144,-147197.884,323329.548,0.904,-18952075.010,59.530
39,59.750,60.002,59.996,0.135,-4.216,-4.400,-2068.051,-221805.985,213220.549,0.077,-18881767.010,59.360
40,59.620,59.885,59.917,-0.902,-2.352,-4.719,-225541.494,-303748.238,102506.933,0.558,-16676313.187,59.920
41,59.720,59.892,59.917,1.028,0.994,-4.540,977451.377,366649.100,512623.206,0.449,-13963644.942,61.730
42,60.390,60.226,60.144,2.644,4.186,-1.421,3582435.122,1898604.283,1547595.632,0.607,-11014338.621,62.350
43,61.043,60.612,60.419,4.737,4.561,-2.058,3400204.688,2105356.926,1733614.155,0.263,-9729043.858,62.820
44,61.636,61.014,60.720,5.829,5.669,1.078,2886611.865,2060642.252,1749340.664,0.768,-6691683.252,62.500
45,61.924,61.284,60.942,4.306,4.341,2.813,1520858.790,1465862.323,1379342.161,-0.752,-9536954.682,61.830
46,61.892,61.383,61.053,0.162,4.249,4.214,18251.467,656257.686,833553.993,-0.822,-13201190.846,61.270
47,61.685,61.363,61.080,-1.732,1.879,3.409,-679285.636,159781.772,470064.764,-0.447,-14858339.214,61.000
48,61.457,61.297,61.070,-2.897,2.469,2.298,-873013.810,-98445.852,253747.898,-0.145,-15536654.907,60.950
49,61.288,61.234,61.055,-2.480,2.679,2.523,-636635.107,-110342.552,201544.699,-0.070,-15765321.465,61.010
50,61.195,61.193,61.050,-1.326,1.819,1.853,-326882.345,-37076.055,212929.509,-0.650,-18935405.915,60.660
51,61.017,61.096,61.001,-0.996,-1.733,2.276,-672067.913,-278051.145,16008.439,-0.624,-21362608.256,60.520
52,60.851,60.991,60.941,-0.787,-2.935,0.632,-619850.335,-321208.242,-50419.513,-0.607,-23595671.682,63.000
53,61.567,61.357,61.198,3.363,0.287,5.829,5242391.563,2822079.685,2076742.346,0.974,-16930176.358,64.600
54,62.578,61.946,61.623,5.884,3.360,8.827,9555347.975,5614658.070,4089807.153,0.299,-13535947.474,65.180
55,63.446,62.534,62.068,7.451,5.418,8.778,7207589.004,5050551.341,3892590.141,0.773,-10189144.338,66.300
56,64.397,63.219,62.597,9.551,8.210,7.403,6883257.042,5265831.664,4185340.513,0.221,-8956272.976,66.450
57,65.081,63.806,63.079,5.476,8.934,6.576,4738676.378,4390137.734,3718362.330,-0.077,-9186793.514,66.600
58,65.588,64.314,63.519,3.096,9.270,6.017,3352113.936,3697201.610,3325940.670,0.216,-8351139.215,66.710
59,65.962,64.750,63.918,2.347,9.343,6.736,2314426.917,3068447.295,2940079.697,0.584,-7081082.592,67.110
60,66.344,65.179,64.317,1.222,10.633,8.540,1907963.011,2709645.096,2709449.134,0.333,-6168553.258,68.920
61,67.203,65.859,64.892,3.717,13.880,12.486,4586379.164,4024838.982,3613669.426,0.527,-3274135.377,69.720
62,68.042,66.561,65.496,4.685,10.667,14.295,4649537.043,4161386.949,3758942.348,0.899,2093682.371,69.640
63,68.575,67.121,66.014,4.392,7.802,14.258,3037545.042,3370873.148,3265769.685,0.471,3190382.136,68.860
64,68.670,67.437,66.369,2.608,5.646,12.867,689236.348,2029372.386,2356625.844,-0.725,-535407.635,69.070
65,68.803,67.734,66.707,0.218,4.178,13.864,1120059.619,2020705.800,2309760.884,-0.188,-2310627.675,69.130
66,68.912,67.988,67.010,-0.846,4.033,14.227,864100.892,1717338.098,2065063.703,0.523,758861.023,70.790
67,69.538,68.497,67.482,1.651,6.291,12.365,11058876.515,7122990.764,5737984.210,0.086,2388023.824,71.790
68,70.289,69.096,68.021,4.255,7.615,11.130,9528121.010,7003648.807,5829062.434,0.978,8710931.379,71.370
69,70.649,69.509,68.439,3.330,6.348,9.497,5681586.093,5364533.798,4848994.162,0.711,12116618.135,72.520
70,71.273,70.057,68.950,4.904,5.223,9.382,6092213.279,5646158.135,5107053.348,0.566,15519473.418,74.920
71,72.489,70.941,69.696,5.834,7.458,12.746,10916949.119,8358933.165,7039474.280,0.602,20677323.816,74.780
72,73.252,71.639,70.331,4.165,7.381,12.282,7027401.453,6702455.520,6065578.260,0.654,24186355.989,74.330
73,73.612,72.128,70.831,4.147,7.944,11.423,3898033.402,5054608.571,5012293.140,0.026,24320868.963,74.630
74,73.951,72.583,71.306,2.910,8.050,11.205,3063255.635,4388988.849,4559969.010,0.587,27046838.856,71.190
75,73.031,72.330,71.292,-4.979,2.980,3.294,-5949113.550,-767891.291,993241.394,-0.710,22095571.041,69.670
76,71.910,71.846,71.089,-6.833,-1.582,-0.072,-8459635.994,-3079307.580,-815998.891,-0.170,20585976.317,70.110
77,71.310,71.531,70.966,-5.677,-2.340,0.675,-4971569.956,-2154967.634,-463428.764,-0.463,18476232.781,71.120
78,71.247,71.456,70.986,-4.703,-0.350,3.282,-1797142.147,-935571.070,163464.015,0.210,19421174.893,72.180
79,71.558,71.588,71.135,1.391,-0.469,4.503,307827.449,55944.877,707751.843,0.965,23535402.339,73.540
80,72.219,71.943,71.436,5.555,-1.842,6.379,2650578.992,1379606.187,1536293.123,0.640,26985167.339,73.680
81,72.706,72.258,71.716,5.092,-1.471,4.082,1979247.302,1244511.229,1423829.472,0.169,27755850.050,71.540
82,72.317,72.128,71.694,0.591,-3.754,-0.348,-1654349.946,-603862.529,130657.733,-0.993,23614421.846,73.380
83,72.671,72.355,71.905,1.663,-1.675,2.816,1128063.236,722819.676,950936.717,1.000,27251861.846,76.050
84,73.798,73.027,72.423,3.413,6.827,4.868,5548132.898,3207447.412,2630603.655,0.989,32579836.705,75.440
85,74.345,73.466,72.800,2.389,8.282,0.694,2852677.742,2162778.324,1984499.127,-0.147,31969042.283,74.830
86,74.507,73.714,73.054,4.599,6.732,0.067,1246879.808,1412324.800,1490847.228,-0.085,31693756.300,74.660
87,74.558,73.886,73.255,1.744,4.978,0.444,624857.282,1042958.878,1227092.853,0.138,32198072.130,75.550
88,74.889,74.188,73.542,-0.657,4.669,1.233,1602222.995,1500048.977,1518325.549,0.342,33565322.499,74.700
89,74.826,74.281,73.686,-0.981,1.577,4.930,11259.796,650827.963,932201.531,-0.185,32874545.462,75.230
90,74.960,74.454,73.879,0.535,2.104,7.980,761129.608,943562.738,1098284.993,0.095,33280811.271,74.970
91,74.964,74.548,74.016,0.415,4.795,6.932,171890.778,588990.081,835176.009,0.398,34820607.635,75.050
92,74.992,74.639,74.145,-0.662,2.276,5.526,216313.666,537384.510,768923.938,0.306,35986147.163,75.130
93,75.038,74.728,74.268,0.576,-1.210,4.087,249039.644,496858.526,712119.896,-0.351,34604934.055,71.540
94,73.872,74.149,73.927,-4.905,-5.170,-2.720,-10025721.501,-5152614.622,-3198800.565,-0.604,29463101.236,72.990
95,73.578,73.938,73.810,-2.641,-2.459,-0.936,-3991908.667,-2747463.418,-1789485.869,-0.133,28724295.318,74.150
96,73.769,73.977,73.852,-1.199,-0.683,3.648,-936134.751,-1306940.419,-918873.501,0.673,31728295.904,72.390
97,73.309,73.688,73.670,-3.647,-4.183,-1.349,-3669646.048,-2730527.368,-1946097.893,-0.704,28075166.607,71.260
98,72.626,73.247,73.368,-0.391,-4.605,-6.298,-3953360.655,-3056029.641,-2267934.390,-0.776,24971485.320,70.910
99,72.054,72.822,73.061,-2.850,-5.742,-6.005,-3341206.087,-2885278.243,-2249054.710,0.620,28718466.681,70.540
100,71.549,72.407,72.746,-4.869,-5.909,-5.733,-2711478.701,-2624686.549,-2149425.863,-0.159,28092839.450,72.210
101,71.770,72.371,72.679,-0.249,-3.784,-3.282,-235169.334,-1289752.740,-1291066.455,0.673,29994515.659,71.890
102,71.810,72.284,72.580,0.884,-4.313,-4.844,-544390.223,-1266676.242,-1275037.148,-0.210,29231101.793,70.040
103,71.220,71.876,72.263,-1.227,-2.097,-6.238,-2635865.182,-2276156.035,-1968009.392,-0.845,26116938.030,70.090
104,70.843,71.551,71.991,-0.638,-3.973,-6.832,-1687947.105,-1824511.474,-1696022.087,0.139,26695869.562,71.960
105,71.215,71.625,71.987,-0.346,-2.953,-4.015,605068.407,-548945.855,-835131.897,0.847,29046962.286,73.060
106,71.830,71.886,72.121,1.627,0.926,-2.652,1900113.005,367262.882,-169465.135,0.778,32221852.730,71.650
107,71.770,71.843,72.062,2.299,0.547,-4.632,-522866.657,-675662.365,-819385.241,-0.503,30307722.709,71.790
108,71.777,71.834,72.028,2.425,1.241,0.349,-234782.738,-490744.644,-674288.948,-0.246,29707485.170,69.400
109,70.985,71.391,71.700,-3.558,-1.616,-4.918,-4624483.425,-2838588.309,-2265488.430,-0.782,25323970.688,67.090
110,69.686,70.609,71.124,-8.171,-7.090,-9.521,-7502585.670,-4733170.464,-3639651.146,-0.827,20579903.177,67.510
111,68.961,70.046,70.672,-5.778,-6.093,-6.741,-4428389.760,-3559866.369,-2969694.495,0.562,22881362.053,67.060
112,68.327,69.503,70.220,-6.589,-4.255,-5.894,-3347345.890,-3128119.420,-2746639.952,-0.167,22442377.553,67.810
113,68.155,69.195,69.919,-2.291,-3.253,-4.372,-1043409.427,-1911286.162,-1957752.020,0.709,25810737.884,66.430
114,67.580,68.692,69.483,-0.984,-7.685,-5.826,-2703159.444,-2658808.583,-2465865.453,-0.466,23778531.731,67.200
115,67.453,68.421,69.198,-0.459,-8.021,-6.938,-1095779.906,-1790119.901,-1892759.875,-0.451,22537469.319,67.840
116,67.582,68.315,69.028,1.163,-5.318,-5.634,105499.476,-1008632.966,-1342657.611,-0.761,19553397.732,68.980
117,68.048,68.436,69.022,1.725,-3.914,-1.513,1478800.324,-56990.241,-646650.157,-0.309,18407754.441,68.950
118,68.349,68.530,69.013,3.793,-0.648,-1.626,958168.853,-61736.396,-576205.648,0.163,18858652.604,70.020
119,68.906,68.801,69.139,4.196,4.367,-2.696,1732339.922,545976.051,-94094.685,0.887,21577013.305,70.520
120,69.444,69.113,69.311,3.950,4.459,-3.477,1535932.948,654547.496,60557.026,0.721,23225231.398,70.760
121,69.883,69.413,69.493,2.580,5.517,-1.242,1242554.819,654774.962,134962.217,-0.636,21486371.580,70.250
122,70.005,69.565,69.587,1.885,3.598,-2.145,334972.249,266598.989,-66932.171,-0.641,19627060.658,70.500
123,70.170,69.735,69.701,0.686,6.127,1.585,459715.249,347072.127,30084.507,1.000,22463865.658,70.790
124,70.377,69.927,69.837,0.383,5.342,5.515,543747.003,413388.197,115300.257,0.129,22779446.672,72.260
125,71.004,70.351,70.140,2.120,6.515,7.036,2291539.802,1390431.325,824278.400,0.498,24738701.277,73.170
126,71.726,70.864,70.519,4.157,6.074,9.111,2394768.198,1610575.628,1046396.724,0.079,24965565.483,74.050
127,72.501,71.443,70.960,5.035,7.397,9.202,2627767.705,1880246.735,1302317.973,0.293,25996012.862,73.600
128,72.867,71.835,71.290,3.969,5.113,10.793,792660.087,1015191.847,779833.833,0.128,26811427.446,69.160
129,71.631,71.349,71.024,-4.290,-1.929,2.917,-24033660.662,-12566897.972,-8528433.166,-0.856,12610028.693,67.970
130,70.411,70.734,70.642,-7.107,-3.943,0.192,-19742310.231,-12311027.317,-8857330.192,-0.979,3429633.545,66.220
131,69.014,69.914,70.089,-10.574,-5.737,-4.001,-18247537.154,-12846838.896,-9657412.793,-0.938,-4747113.667,67.170
132,68.399,69.415,69.725,-8.736,-4.723,-2.582,-9571062.753,-9096161.633,-7477500.437,-0.429,-8257738.953,69.250
133,68.683,69.385,69.665,0.130,-2.175,-1.100,1009602.911,-3411235.111,-3771446.103,0.653,-1292063.740,68.150
134,68.505,69.160,69.476,0.265,-5.688,-3.361,-1248343.192,-3839053.345,-4020544.765,-0.468,-3743906.988,67.640
135,68.217,68.884,69.246,2.144,-7.558,-4.409,-1434781.725,-3469708.881,-3743934.018,-0.883,-6875392.803,67.330
136,67.921,68.601,69.007,0.238,-9.075,-4.157,-1401748.007,-3081703.733,-3442902.337,-0.563,-9299006.741,66.180
137,67.341,68.161,68.653,-4.433,-10.082,-6.128,-2724701.371,-3497868.164,-3683865.557,-0.288,-10646149.241,66.850
138,67.177,67.923,68.428,-1.908,-3.340,-5.566,-968957.334,-2399613.817,-2905566.020,0.429,-9019796.955,67.530
139,67.295,67.851,68.316,-0.163,-0.647,-6.546,176977.591,-1514439.043,-2233764.338,-0.359,-10323110.083,67.520
140,67.370,67.791,68.216,0.282,1.963,-7.722,110012.584,-1243435.114,-1957533.474,-0.778,-12183354.639,65.990
141,66.910,67.464,67.938,-0.287,-1.757,-10.885,-2084384.127,-2194297.375,-2521988.984,-0.905,-16013975.517,66.970
142,66.930,67.374,67.817,0.180,-3.292,-9.008,-165661.865,-1127737.368,-1747767.528,0.627,-13666032.864,67.900
143,67.253,67.470,67.827,0.548,-0.367,-1.822,811404.207,-419869.420,-1183604.543,0.776,-11357506.482,67.420
144,67.309,67.461,67.776,-0.148,-0.325,-0.809,42613.098,-615342.092,-1222525.116,-0.327,-12376803.609,68.040
145,67.553,67.566,67.809,3.107,1.055,2.748,764008.145,-102225.668,-793859.696,0.796,-9543849.977,66.980
146,67.362,67.459,67.706,0.015,1.209,-0.283,-440653.023,-601816.521,-1050874.154,-0.924,-12028304.255,66.660
147,67.128,67.314,67.575,-1.826,-0.284,-3.740,-680125.589,-703135.467,-1064398.725,-0.483,-13778983.989,65.160
148,66.472,66.922,67.273,-3.352,-3.510,-4.387,-2907911.559,-1914107.836,-1851784.322,-0.636,-16902886.080,64.790
149,65.911,66.535,66.963,-4.777,-4.043,-4.213,-2604534.076,-1929320.795,-1870033.670,-0.444,-19302620.746,65.270
150,65.697,66.305,66.751,-2.553,-1.091,-3.060,-1209783.251,-1291313.669,-1438814.661,-0.089,-19596944.974,66.340
151,65.912,66.311,66.700,-0.480,-0.941,0.242,280228.326,-463756.369,-851431.394,0.673,-17545720.843,66.450
152,66.091,66.336,66.669,1.980,-2.135,-0.598,295272.101,-320280.729,-704332.513,0.371,-16447103.843,64.730
153,65.637,66.044,66.426,-0.093,-3.990,-4.146,-1605262.439,-1245017.237,-1292082.389,-0.699,-18645538.155,64.010
154,65.095,65.674,66.124,-1.930,-5.923,-5.198,-2188472.960,-1628631.194,-1549933.841,0.091,-18221940.428,63.790
155,64.660,65.332,65.832,-3.844,-4.763,-3.334,-1794630.913,-1515597.671,-1482060.463,-0.731,-21566693.851,63.370
156,64.230,64.975,65.525,-4.635,-4.935,-5.376,-1678731.809,-1503113.295,-1477669.605,-0.822,-24398266.454,63.170
157,63.877,64.647,65.230,-2.410,-3.054,-6.966,-1402808.139,-1384540.114,-1399331.004,0.568,-21983377.697,65.620
158,64.458,64.824,65.279,2.515,1.281,-2.670,3086502.241,1060853.180,283725.746,0.954,-17286124.159,66.590
159,65.169,65.145,65.443,4.389,2.022,-2.131,4269185.064,2074252.731,1077578.867,-0.349,-19672081.019,66.330
160,65.556,65.360,65.554,4.671,-0.015,-0.970,2382108.569,1444016.885,768875.956,0.198,-18612431.821,67.330
161,66.147,65.719,65.776,6.585,1.324,1.005,3798421.713,2387113.451,1501647.461,0.707,-13927173.968,68.100
162,66.798,66.152,66.066,3.779,5.206,4.512,3884038.215,2690414.864,1820850.431,0.080,-13507139.502,68.880
163,67.492,66.648,66.418,3.439,7.608,6.313,3681333.070,2796870.849,2002734.475,0.518,-11333073.102,69.420
164,68.135,67.152,66.793,4.659,8.826,6.358,3344778.707,2774107.054,2086351.413,0.612,-8307600.835,69.640
165,68.636,67.604,67.149,3.431,9.894,4.974,2535867.191,2436641.074,1940313.006,-0.211,-9188126.927,71.040
166,69.438,68.229,67.635,4.317,12.458,6.907,4196580.461,3360525.787,2637524.756,0.638,-5763163.108,69.140
167,69.338,68.394,67.824,0.377,5.364,6.813,127404.574,1292985.244,1306465.761,-0.923,-9656673.080,69.040
168,69.239,68.512,67.976,-0.547,3.679,7.858,-29427.417,995516.764,1100271.116,-0.210,-10375726.912,68.790
169,69.089,68.562,68.077,-1.221,3.709,7.838,-314789.528,653511.216,852048.008,0.600,-8250493.912,67.560
170,68.580,68.380,68.013,-4.899,0.342,6.612,-1634816.326,-242558.082,211183.267,-0.951,-11555421.028,67.490
171,68.216,68.218,67.947,-2.386,-0.896,6.839,-1182581.280,-249022.283,150021.460,-0.033,-11685683.881,67.620
172,68.018,68.110,67.906,-2.057,-1.829,3.048,-646424.704,-126311.241,184504.833,-0.077,-11937688.881,69.510
173,68.515,68.364,68.107,1.047,0.130,4.385,2607080.298,1553761.767,1300703.017,0.523,-9416400.505,68.770
174,68.600,68.438,68.190,1.791,-1.249,3.679,851040.198,787434.173,805485.140,-0.559,-11425200.505,68.700
175,68.633,68.486,68.254,1.793,-3.294,2.035,496461.496,605592.339,678212.508,-0.373,-12557195.544,69.480
176,68.916,68.666,68.407,2.751,0.492,2.026,1258370.410,1001337.049,941209.475,0.430,-11021771.571,67.570
177,68.467,68.467,68.302,-2.791,-2.129,-1.902,-1446426.223,-427273.231,-33444.146,-0.455,-12653380.207,66.270
178,67.735,68.068,68.048,-3.635,-3.663,-4.538,-3316400.149,-1632559.553,-911307.128,-0.400,-14824564.207,65.850
179,67.106,67.664,67.773,-4.148,-2.531,-5.442,-2927631.232,-1726656.616,-1066155.412,-0.669,-18249179.311,66.460
180,66.891,67.445,67.609,-4.347,-1.526,-6.447,-1185231.205,-994615.622,-645439.879,0.512,-16319761.791,67.400
181,67.061,67.437,67.583,-0.252,-0.325,-2.517,266249.823,-237556.076,-168608.409,0.650,-14126648.840,66.760
182,66.960,67.314,67.480,0.739,-3.956,-3.302,-491980.651,-559535.262,-398587.558,-0.831,-16735505.587,66.570
183,66.830,67.179,67.366,1.093,-3.199,-3.227,-590553.421,-601019.571,-447226.483,0.990,-12632683.079,65.960
184,66.540,66.957,67.191,-0.752,-3.988,-2.368,-1007904.570,-826762.716,-621649.032,-0.795,-15034945.811,65.720
185,66.267,66.732,67.007,-2.493,-5.412,-2.623,-958642.380,-832827.313,-651457.653,0.306,-13939065.439,66.900
186,66.478,66.763,66.993,0.210,-0.992,-1.065,1174091.113,307606.398,109919.317,0.426,-11974234.784,70.260
187,67.739,67.399,67.402,5.543,6.021,1.079,12166190.129,6460839.446,4364977.922,0.669,-5175927.459,72.540
188,69.339,68.333,68.044,9.976,10.159,5.482,15763263.059,9460215.714,6689031.797,0.803,2910285.399,72.650
189,70.443,69.118,68.620,10.545,9.314,5.750,10710670.113,7850264.533,5928588.350,0.040,3130461.479,73.770
190,71.552,69.964,69.264,10.269,9.451,6.174,9425802.635,7669501.469,6044523.266,0.578,6667321.791,74.790
191,72.631,70.841,69.954,6.447,12.028,10.685,8946995.603,7727661.482,6287630.550,0.455,10234009.978,74.750
192,73.337,71.552,70.554,3.047,12.288,12.796,5909750.082,6292679.220,5481084.111,0.130,10771208.761,75.170
193,73.948,72.210,71.131,3.469,13.963,14.153,4713798.188,5570718.343,5086185.397,0.766,15006354.492,74.310
194,74.069,72.592,71.528,0.732,13.071,11.812,1621213.912,3728050.528,3879917.893,-0.360,13095861.852,74.140
195,74.093,72.873,71.855,-0.869,10.822,10.000,790276.611,2891750.798,3285978.407,-0.323,11439431.282,74.390
196,74.192,73.149,72.172,-0.482,5.878,11.429,855653.324,2545324.607,2998531.950,-0.483,9532378.232,74.450
197,74.278,73.386,72.456,-0.958,2.633,11.837,683078.230,2143979.777,2665956.461,-0.522,6593873.537,74.060
198,74.205,73.508,72.657,-0.336,1.941,12.280,-152880.354,1422383.905,2104612.214,-0.143,5925449.537,73.210
199,73.873,73.454,72.726,-1.254,-0.759,11.397,-1092809.436,623283.631,1469952.237,-0.089,5612686.805,73.850
200,73.866,73.526,72.867,-0.726,-1.257,10.389,-7095.784,903474.156,1556749.647,0.367,6854968.928,75.210
201,74.314,73.832,73.159,1.021,0.615,7.045,2448636.944,2077406.564,2282168.742,0.036,7051763.109,75.740
202,74.789,74.179,73.482,2.268,0.758,4.411,2176742.403,1996596.883,2201016.814,0.946,9967751.181,75.410
203,74.996,74.403,73.723,3.005,1.480,3.799,1162749.302,1476263.468,1817735.100,0.106,10245367.298,76.420
204,75.471,74.770,74.060,3.480,3.075,3.592,2180766.368,1974542.929,2117618.275,0.610,12794089.682,74.910
205,75.284,74.795,74.166,-0.399,0.699,0.160,-287990.585,665443.398,1199727.929,-0.829,9924324.658,73.900
206,74.823,74.632,74.133,-2.429,-0.739,-1.137,-1402297.933,-115712.243,595897.859,-0.754,7212335.026,74.520
207,74.722,74.612,74.181,-1.180,0.621,-0.865,-245668.329,281251.961,779859.487,-0.145,6728658.263,73.480
208,74.308,74.406,74.094,-3.847,0.369,-1.117,-1525031.073,-512385.952,171907.481,-0.108,6305784.063,72.350
209,73.655,74.032,73.876,-3.417,-2.031,-2.414,-2563270.545,-1262815.686,-429549.640,-0.564,3991508.372,71.040
210,72.783,73.488,73.521,-3.870,-5.544,-4.503,-3630461.140,-2081365.985,-1096461.227,-0.975,-297253.874,70.910
211,72.159,73.019,73.195,-4.844,-6.377,-4.755,-2613761.033,-1808455.955,-1031948.676,0.107,181749.774,66.000
212,70.106,71.743,72.296,-10.180,-12.478,-10.883,-12616491.229,-7410909.712,-4980699.044,-0.930,-5994346.169,67.150
213,69.121,70.908,71.652,-7.187,-12.130,-8.278,-5891146.353,-4689009.146,-3413168.738,-0.087,-6562989.422,63.440
214,67.227,69.550,70.626,-10.698,-15.312,-14.096,-14723135.168,-9725027.993,-7034911.746,-0.796,-13511988.427,67.290
215,67.248,69.139,70.209,-5.105,-8.945,-10.531,-458646.529,-2853144.585,-2646756.434,0.928,-6748848.269,65.810
216,66.769,68.534,69.659,-0.288,-11.688,-13.111,-4078357.859,-4392169.300,-3730634.445,-0.646,-11688621.536,69.210
217,67.582,68.657,69.603,3.068,-5.811,-8.222,4857051.827,538747.154,-423321.239,0.517,-8234876.402,69.850
218,68.338,68.874,69.634,10.104,-3.455,-8.597,4195890.551,963260.035,-11210.084,0.289,-6935154.034,69.860
219,68.846,69.053,69.662,3.819,-1.661,-6.741,2809177.038,794621.849,-5340.073,0.221,-6146820.480,69.000
220,68.897,69.043,69.579,4.847,-2.694,-6.631,583681.098,-53002.265,-488086.411,0.267,-4945365.862,70.200
221,69.331,69.254,69.657,1.430,6.364,-5.797,1944749.932,805159.528,156285.340,0.389,-3430674.272,66.490
222,68.384,68.751,69.261,-4.810,-0.983,-9.513,-4824452.202,-2679934.290,-2158607.386,-0.468,-5747882.606,66.000
223,67.589,68.251,68.853,-5.525,4.035,-8.777,-4051896.345,-2648452.533,-2202129.541,-0.488,-8242105.093,65.280
224,66.820,67.711,68.407,-5.391,-2.987,-8.108,-3618959.190,-2667476.596,-2270998.959,-0.877,-11595703.478,69.120
225,67.586,67.967,68.496,-1.538,5.030,-2.524,3388530.460,981793.650,188314.631,1.000,-7063539.478,70.770
226,68.648,68.477,68.780,6.437,2.254,7.227,4853820.757,2218631.414,1137825.471,0.928,-2686767.635,69.660
227,68.985,68.692,68.890,5.545,-0.272,3.738,1618911.685,933260.891,389233.980,-0.615,-5374315.175,70.680
228,69.550,69.053,69.114,8.272,1.174,11.412,2834018.536,1720710.227,998608.762,0.942,-512886.985,69.780
229,69.627,69.185,69.197,0.955,1.130,3.700,-1376599.809,-373570.996,-350946.896,0.280,2539936.851,69.470
230,69.574,69.237,69.231,-1.837,-1.040,5.561,-1573158.766,-663153.847,-552863.119,-0.646,-1556472.899,68.930
231,69.360,69.181,69.194,-1.048,3.670,-0.405,-2373581.691,-1265203.610,-980558.671,-0.182,-2894663.990,68.930
232,69.216,69.136,69.161,-2.476,4.439,-1.317,-1582387.794,-1035166.590,-857988.837,-0.702,-5573208.270,65.800
233,68.078,68.529,68.741,-5.704,0.797,-5.812,-8028410.783,-4650673.893,-3365797.328,-0.516,-9020226.282,64.860
234,67.005,67.862,68.255,-6.636,-6.163,-6.000,-7928555.982,-5210341.618,-3911178.459,0.883,-1755972.816,67.890
235,67.300,67.867,68.210,-1.509,-4.070,-3.291,-478304.978,-1640789.137,-1619506.523,0.985,2933050.474,67.360
236,67.320,67.775,68.104,-2.278,-3.302,1.308,-935308.215,-1678702.874,-1648232.544,-0.705,474166.816,65.010
237,66.550,67.272,67.717,-1.201,-8.022,-1.500,-4614203.843,-3550210.551,-2938702.863,-0.376,-1439364.316,65.870
238,66.323,67.017,67.486,1.557,-5.603,0.904,-1204314.936,-1883724.473,-1869432.146,0.201,-124047.596,67.400
239,66.682,67.087,67.475,-0.722,-2.980,-2.488,2207454.476,100769.668,-506878.965,0.314,1731058.404,69.470
240,67.611,67.520,67.725,3.132,0.783,-1.837,5879888.307,2486948.995,1209575.402,0.526,5091386.008,70.350
241,68.524,68.035,68.053,8.214,2.060,0.991,5494882.658,2893843.971,1648987.397,0.782,9291035.394,69.770
242,68.940,68.350,68.267,5.921,6.033,-1.287,2654180.386,1817286.129,1064460.952,-0.609,6114038.524,69.280
243,69.053,68.519,68.394,2.789,6.815,-0.717,1215167.224,1184532.451,723545.946,0.568,8041597.644,67.710
244,68.605,68.372,68.309,-2.533,-0.265,-2.533,-975868.184,-5007.813,-36639.673,-0.941,4830633.605,65.860
245,67.690,67.915,68.002,-6.382,-2.227,-4.454,-3091714.839,-1335626.056,-947485.732,-0.956,1046038.956,64.320
246,66.567,67.262,67.542,-7.811,-1.061,-6.688,-5650279.546,-3050495.675,-2174976.136,0.567,5012828.899,63.640
247,65.591,66.603,67.054,-8.141,-3.385,-3.283,-4863255.791,-3093897.967,-2314255.154,0.197,5963345.035,64.950
248,65.377,66.303,66.791,-4.076,-3.635,0.139,-1534370.251,-1599843.640,-1384548.156,0.960,9717270.043,66.010
249,65.588,66.249,66.694,0.228,-4.981,-2.769,341039.380,-564988.680,-699997.306,-0.473,7893198.702,62.880
250,64.686,65.637,66.217,-2.239,-10.618,-6.651,-4303844.384,-2933829.267,-2311699.132,-0.882,4062640.906,63.150
251,64.174,65.185,65.834,-0.770,-9.488,-2.861,-2385729.339,-2136678.355,-1841424.147,-0.038,3860677.560,60.040
252,62.796,64.249,65.109,-7.560,-13.337,-8.851,-9548871.523,-6089128.816,-4595640.614,-0.947,-3412174.124,60.110
253,61.901,63.497,64.484,-8.938,-11.224,-10.816,-6166883.535,-4873452.224,-3946548.983,-0.020,-3583457.096,63.250
254,62.350,63.452,64.330,0.588,-3.963,-8.954,5426416.857,1214996.842,123396.845,0.995,5484626.198,66.250
255,63.650,63.961,64.570,4.909,3.001,-5.828,13369616.238,6313363.780,3764974.115,0.818,13463539.380,71.290
256,66.197,65.293,65.410,18.738,12.021,2.179,30140749.412,16744209.595,11254729.320,0.818,23801691.289,70.930
257,67.775,66.318,66.100,18.000,9.207,2.382,19272747.941,13251943.305,9539981.280,0.065,24248680.611,73.760
258,69.770,67.671,67.058,16.617,11.741,8.935,17767317.854,13525491.373,10192040.830,0.978,29346238.640,73.660
259,71.066,68.760,67.883,11.185,17.144,11.843,11649661.836,10959829.269,8844829.451,0.551,32573290.763,73.640
260,71.924,69.647,68.603,3.296,16.611,14.490,7719987.911,8941794.867,7721805.777,0.100,33270090.463,73.180
261,72.343,70.290,69.175,3.172,21.885,14.991,4345431.220,6878980.862,6456119.785,0.640,36616692.395,74.400
262,73.029,71.037,69.828,0.868,23.773,14.550,5042919.914,6798783.851,6453841.975,0.907,41402776.930,72.530
263,72.862,71.308,70.166,-1.534,14.672,9.877,826514.589,4179678.413,4696324.720,-0.816,38084522.246,74.530
264,73.418,71.894,70.711,1.209,12.498,18.527,3243716.393,4888485.974,5119049.130,0.783,41245525.724,72.520
265,73.119,72.008,70.937,-0.902,1.725,14.838,-1045332.995,2249955.475,3276239.018,-0.690,37941285.260,73.670
266,73.303,72.310,71.279,-0.981,3.863,22.702,651841.687,2576543.761,3372483.022,0.518,39762225.549,74.830
267,73.812,72.768,71.723,3.171,1.451,24.488,2448188.498,3206423.463,3706032.909,0.695,43382787.082,74.790
268,74.138,73.136,72.106,0.349,1.534,18.245,1572260.585,2590783.699,3220329.390,-0.028,43256902.568,72.960
269,73.745,73.104,72.213,0.607,-0.923,10.128,-962527.187,1022986.166,2063775.375,-0.916,40236795.631,74.220
270,73.903,73.307,72.464,0.747,1.421,4.110,859743.389,1655949.507,2368839.021,0.581,42314474.024,77.970
271,75.259,74.155,73.152,4.196,4.798,9.925,8756866.009,5818706.187,5141623.050,0.612,46318259.796,76.430
272,75.649,74.568,73.562,2.193,5.377,3.620,3705730.366,3597752.168,3699352.553,-0.909,42544419.327,72.750
273,74.683,74.238,73.460,-0.288,-2.388,-1.235,-3988063.969,-579230.524,814976.904,-0.951,37539761.776,71.200
274,73.522,73.685,73.178,-4.069,-1.820,-3.313,-5440419.396,-1991212.293,-330036.490,-0.148,36743033.009,72.210
275,73.085,73.417,73.057,-7.387,-1.982,-1.325,-2529250.657,-1030430.636,122853.924,0.233,37503249.020,73.120
276,73.096,73.363,73.065,-4.331,-2.285,-1.720,-753946.725,-334595.768,457079.826,0.757,39828515.274,72.500
277,72.898,73.206,72.994,-0.344,-3.062,-0.041,-1219482.590,-664770.050,131125.558,0.789,42566912.116,72.920
278,72.905,73.154,72.985,2.416,-0.055,-2.160,-428256.353,-334048.928,259009.378,0.460,43831904.084,74.690
279,73.500,73.433,73.198,3.434,0.633,2.992,2033368.634,991526.988,1096210.532,0.864,47228453.590,71.930
280,72.977,73.160,73.040,-1.627,-7.747,-2.362,-2782131.030,-1445683.439,-592457.080,-0.843,43437357.931,73.510
281,73.154,73.224,73.098,1.393,-3.820,-1.764,478239.746,89710.150,356472.718,0.616,46167521.135,75.100
282,73.803,73.565,73.349,2.990,3.230,0.414,2088962.898,1038928.159,975714.778,0.398,47498450.759,74.390
283,73.999,73.715,73.479,-0.402,4.480,1.960,673388.265,457711.948,584030.306,-0.092,47218778.980,74.590
284,74.196,73.874,73.618,3.698,3.296,0.499,611853.443,463361.376,572124.493,0.161,47612959.463,72.620
285,73.671,73.646,73.493,-1.211,-0.684,-6.862,-2065851.001,-970206.127,-427048.555,-0.669,45094597.160,70.490
286,72.610,73.072,73.118,-6.138,-2.772,-7.772,-5253408.001,-2908081.740,-1827232.736,-0.451,42633240.549,71.390
287,72.204,72.766,72.902,-4.033,-2.098,-1.869,-2466303.600,-1814265.933,-1210340.494,0.129,43077227.007,70.690
288,71.699,72.389,72.625,-5.229,-5.355,-0.716,-2475972.267,-1938092.054,-1370961.632,0.580,45144769.247,69.380
289,70.926,71.842,72.220,-4.462,-3.545,-3.919,-3087288.061,-2369333.435,-1738331.384,-0.678,42913609.649,67.970
290,69.941,71.138,71.688,-3.575,-7.536,-7.043,-3716583.751,-2843122.834,-2142936.853,-0.422,41425026.664,67.710
291,69.197,70.515,71.191,-5.155,-9.840,-6.607,-2573813.734,-2378604.810,-1911103.958,-0.650,40704342.414,69.490
292,69.295,70.328,70.978,-1.698,-6.587,-4.704,455721.211,-761623.735,-857867.076,0.006,40724789.314,70.150
293,69.580,70.296,70.875,1.110,-5.953,-6.078,1012900.980,-236372.053,-484726.127,-0.521,39046079.939,73.450
294,70.870,70.869,71.197,8.062,1.143,2.113,5359419.320,2361596.684,1332421.639,0.925,42985025.939,73.200
295,71.647,71.293,71.447,8.108,3.845,-0.422,3373352.130,1823345.969,1091021.153,-0.497,41795392.330,70.420
296,71.238,71.134,71.319,1.338,-1.359,-6.232,-4369912.547,-2118433.644,-1527411.729,-0.511,38148904.514,70.360
297,70.945,70.994,71.199,0.299,-0.467,-5.417,-2990269.491,-1775260.868,-1365358.185,-0.402,36600646.351,72.320
298,71.403,71.235,71.339,-1.538,4.238,-3.043,538997.779,-71116.652,-244996.872,0.559,38767243.020,71.730
299,71.512,71.325,71.388,-2.008,5.532,-1.226,-801651.660,-691450.086,-649741.080,0.405,41157838.012,69.890
300,70.972,71.064,71.201,-0.753,3.220,-0.851,-2727641.454,-1762026.623,-1390976.075,-0.823,38213973.188,71.230
301,71.058,71.094,71.204,1.236,2.504,-0.224,-303955.616,-615582.499,-649177.058,0.587,40203504.089,69.040
302,70.385,70.721,70.934,-4.535,-1.582,-2.334,-2983340.667,-2020405.821,-1610793.772,-0.393,38706509.992,68.050
303,69.607,70.235,70.573,-5.130,-7.352,-1.917,-3403606.088,-2424720.568,-1939961.667,-0.728,35587391.942,67.720
304,68.978,69.778,70.217,-3.105,-7.486,-0.368,-2628588.785,-2179963.043,-1832285.731,-0.008,35561656.934,68.410
305,68.789,69.529,69.991,-3.959,-2.854,1.034,-1073054.864,-1413058.312,-1348498.392,0.122,35921857.178,68.140
306,68.572,69.277,69.759,-1.304,-3.155,-1.943,-1086383.299,-1358509.559,-1319066.115,-0.346,34495879.788,67.450
307,68.198,68.944,69.471,-0.882,-6.734,-3.849,-1167634.583,-1353350.939,-1320449.994,-0.822,32911701.521,70.290
308,68.895,69.189,69.573,3.795,-2.008,-4.302,2473378.838,666422.992,64031.965,0.668,35206837.386,70.720
309,69.504,69.467,69.717,3.377,1.188,-3.388,2101030.972,791861.582,225569.875,0.500,36783971.386,70.630
310,69.879,69.679,69.831,3.654,-0.842,0.298,1342140.695,615952.229,175418.658,-0.062,36663505.090,70.980
311,70.246,69.915,69.974,5.234,2.810,0.881,1068041.613,598477.906,218471.757,0.476,37370088.420,70.980
312,70.491,70.109,70.100,0.982,4.306,-1.853,712027.742,489663.741,191162.787,0.010,37381155.296,69.640
313,70.207,70.024,70.043,-1.527,2.835,-2.914,-450880.979,-104220.288,-179819.864,-0.621,36095351.589,70.450
314,70.288,70.101,70.094,-0.255,2.982,0.801,165643.821,169036.750,17494.297,0.603,37135995.046,70.070
315,70.215,70.096,70.091,-1.282,2.832,-1.629,-77330.306,35888.512,-55102.310,-1.000,35653683.046,71.940
316,70.790,70.431,70.322,1.352,6.657,4.200,2564054.733,1456058.748,932638.580,-0.086,35291051.675,72.670
317,71.417,70.838,70.615,4.351,3.386,6.789,2666979.442,1713653.314,1175162.365,0.828,38548818.232,76.680
318,73.171,71.900,71.373,8.843,8.428,13.231,15652006.181,8969727.195,6231024.527,0.638,45171969.870,77.510
319,74.617,72.920,72.140,10.618,9.741,13.302,12200894.741,8302262.588,6114480.443,0.169,46253993.938,78.500
320,75.912,73.935,72.935,9.119,10.595,15.204,9959555.167,7788555.940,6034779.890,0.234,47545944.369,79.200
321,77.008,74.892,73.718,8.986,11.581,17.420,7880989.878,7049520.187,5745914.817,0.099,48073131.657,79.850
322,77.955,75.793,74.485,4.134,14.661,13.601,6434580.669,6411746.017,5470395.746,0.784,52343863.684,80.270
323,78.727,76.607,75.208,3.561,13.939,13.504,5359173.026,5829311.784,5187640.995,0.151,53498588.230,79.590
324,79.015,77.150,75.756,1.389,13.586,12.686,2386610.417,4122434.224,4094371.521,-0.293,51966946.279,80.640
325,79.556,77.784,76.366,1.818,12.093,13.609,3180186.661,4239689.665,4178492.474,0.065,52262470.261,80.980
326,80.031,78.365,76.943,1.415,11.435,14.088,2649680.334,3757685.668,3854764.375,0.980,56839664.057,80.350
327,80.137,78.726,77.369,0.100,4.786,15.379,923520.486,2614688.417,3056818.927,0.101,57243435.886,80.050
328,80.108,78.967,77.704,0.578,3.277,13.627,197356.224,1911113.741,2517845.024,0.202,58090044.183,79.890
329,80.035,79.135,77.977,-0.930,1.771,14.015,-101260.384,1436639.679,2115802.696,-0.869,54298039.694,80.110
330,80.060,79.312,78.244,-1.074,1.149,11.357,114527.751,1274724.105,1919590.361,0.832,56363722.415,81.320
331,80.480,79.677,78.628,1.207,1.841,11.903,1333785.044,1728828.746,2151179.020,0.920,59230803.745,81.150
332,80.703,79.945,78.944,1.374,1.096,5.829,722772.893,1323723.263,1819875.216,-0.074,59012366.084,80.530
333,80.646,80.051,79.142,0.801,1.181,3.896,-136219.485,745918.262,1360615.284,-0.069,58806659.862,82.290
334,81.194,80.458,79.535,2.721,2.046,4.828,2719556.183,2143225.400,2244426.814,0.793,62606867.035,82.050
335,81.479,80.748,79.850,0.898,1.321,3.598,1134040.176,1383185.902,1709249.482,-0.040,62263443.555,83.410
336,82.123,81.232,80.295,2.785,3.808,4.458,2684563.450,2183626.647,2218794.547,0.470,64262882.305,82.130
337,82.125,81.395,80.524,1.987,2.598,2.317,473656.487,1068756.813,1447925.548,-0.814,61752244.398,82.150
338,82.133,81.532,80.727,-0.170,2.829,3.216,336821.031,885919.232,1274828.620,-0.701,59538360.881,79.650
339,81.306,81.190,80.593,-2.925,-0.574,-1.228,-4679040.979,-1949841.537,-723370.583,-0.405,57157687.461,79.800
340,80.804,80.937,80.494,-4.328,-1.869,-1.457,-2967230.453,-1512344.785,-575900.435,-0.221,56485943.721,79.140
341,80.249,80.611,80.324,-3.641,-2.477,-1.506,-2680749.375,-1620607.046,-767386.283,-0.159,55977225.969,78.330
342,79.609,80.196,80.075,-4.650,-2.732,-2.149,-2955022.360,-1962963.643,-1109409.039,0.029,56101996.920,77.340
343,78.853,79.677,79.733,-2.900,-6.015,-3.192,-2819590.007,-2069465.762,-1289323.572,-0.271,55404744.629,77.930
344,78.545,79.359,79.508,-2.343,-5.021,-2.721,-1535527.948,-1505454.502,-999083.604,-0.133,55172795.316,76.940
345,78.010,78.919,79.187,-2.780,-7.757,-5.386,-1852898.079,-1684033.382,-1185152.946,-0.337,54326102.424,77.800
346,77.940,78.716,79.013,-0.677,-5.272,-4.128,-543836.852,-1000702.658,-777723.128,0.313,55080990.668,79.010
347,78.297,78.769,79.013,2.159,-3.822,-1.887,888301.378,-136469.840,-211435.507,0.714,57296207.811,79.340
348,78.645,78.873,79.054,1.809,-0.389,-3.585,846171.009,26871.998,-89767.285,0.608,58700541.018,79.380
349,78.890,78.965,79.095,3.171,-0.526,-3.254,594268.646,38434.166,-67238.384,-0.072,58537332.914,79.750
350,79.176,79.108,79.177,2.506,0.771,-4.388,725761.531,211218.372,64759.826,0.536,59970300.016,77.780
351,78.711,78.866,79.002,-1.557,-0.702,-5.296,-2764487.383,-1599000.461,-1161458.303,-0.484,57576738.887,79.520
352,78.981,78.985,79.067,0.227,2.819,-3.201,-294924.609,-463872.934,-435750.898,0.883,59934858.994,78.840
353,78.934,78.959,79.038,-0.680,1.168,-1.017,-780218.926,-697861.047,-600132.980,-0.606,58373810.104,79.010
354,78.959,78.968,79.035,-0.928,2.690,-0.990,-377906.270,-493391.941,-471776.478,-0.038,58279088.896,77.380
355,78.433,78.679,78.828,-0.514,-0.540,-2.224,-2446590.160,-1600767.577,-1235799.161,-0.809,55010978.151,80.150
356,79.005,78.947,78.993,0.792,1.443,2.324,2599438.090,997825.544,505112.558,0.591,57719695.748,80.730
357,79.580,79.271,79.210,2.397,1.752,4.383,2520175.907,1245793.907,737179.931,-0.128,57198503.684,80.000
358,79.720,79.404,79.309,1.253,0.781,2.656,774820.181,525487.511,305546.031,0.451,58874727.410,77.620
359,79.020,79.079,79.098,0.310,-2.671,0.884,-2779836.513,-1368082.927,-968790.961,-0.643,56201698.078,77.660
360,78.567,78.821,78.918,-3.107,-0.154,-0.180,-1811250.448,-1096445.726,-831951.881,-0.328,55168746.797,79.750
361,78.961,78.990,79.022,-1.214,0.289,0.937,607495.411,92905.703,-47334.504,0.654,56872184.066,79.290
362,79.071,79.045,79.056,-0.887,0.571,-0.063,131585.361,-73119.832,-143947.034,-0.458,56056180.456,78.840
363,78.994,79.007,79.029,1.572,-0.215,-0.680,-138194.726,-183053.481,-210673.017,-0.875,54738323.706,79.330
364,79.106,79.066,79.066,2.150,2.520,-0.527,446688.719,144129.990,17718.061,0.253,55571376.484,78.490
365,78.901,78.961,78.994,-1.580,-2.071,0.913,-885193.521,-527340.554,-428116.446,-0.486,53519257.913,79.300
366,79.034,79.023,79.033,0.013,-1.771,-0.277,248200.466,25810.172,-60228.335,0.511,55104751.019,78.810
367,78.959,78.984,79.005,-0.038,-1.487,-0.038,-696847.599,-449235.992,-376067.760,-0.819,50778512.922,79.970
368,79.296,79.163,79.125,0.807,3.028,1.215,839643.814,343829.941,160019.040,0.576,52720516.740,79.090
369,79.227,79.150,79.121,0.764,1.841,2.210,-295162.737,-185007.473,-180580.320,-0.685,50723532.184,79.160
370,79.205,79.152,79.126,-0.177,-0.740,-1.235,-153169.545,-127584.871,-141655.675,0.615,51873570.338,78.370
371,78.927,79.010,79.031,-0.558,-1.160,-2.923,-665264.267,-411561.024,-335130.429,-0.470,50868269.526,78.440
372,78.764,78.906,78.957,-1.913,-0.507,-1.950,-387040.838,-305930.652,-272063.373,0.661,52467507.643,80.050
373,79.193,79.114,79.094,1.214,0.908,3.131,1861803.962,905964.659,556881.244,0.901,56028067.418,79.820
374,79.402,79.242,79.185,0.834,1.694,2.781,999940.998,609646.552,396797.972,-0.143,55578511.561,79.150
375,79.318,79.226,79.180,0.995,-0.189,-0.752,-13159.135,128009.106,92278.300,0.124,55955066.612,78.910
376,79.182,79.168,79.147,0.599,0.127,-0.479,-205250.357,-2434.877,7064.413,0.573,57361476.783,79.760
377,79.375,79.276,79.223,-0.362,-0.263,1.167,733427.596,472695.737,332529.299,-0.326,56359194.573,81.480
378,80.076,79.677,79.505,2.080,3.022,2.710,3561606.170,2062744.389,1443208.551,0.410,58553947.744,81.800
379,80.651,80.063,79.792,3.348,3.335,4.217,2853699.367,1949133.729,1442543.202,0.698,61692190.474,80.580
380,80.627,80.157,79.891,2.116,2.820,1.614,-1646858.202,-341249.375,-68771.365,-0.596,56486560.661,79.020
381,80.092,79.950,79.782,-0.928,0.739,0.266,-3832107.588,-1770587.008,-1085500.740,-0.714,52730788.518,76.590
382,78.924,79.339,79.383,-6.001,-4.322,-4.227,-6043887.102,-3351834.121,-2258243.913,-0.862,49017348.001,74.420
383,77.423,78.445,78.763,-9.022,-6.765,-5.905,-7853033.875,-4828105.630,-3409879.352,-0.742,45096866.996,76.120
384,76.989,78.022,78.432,-5.535,-3.828,-3.840,-2418194.683,-2413634.843,-1927208.970,0.695,48550724.112,78.340
385,77.439,78.080,78.421,-0.861,-0.722,-0.038,1872586.451,-74037.831,-379539.259,0.701,51854105.784,77.070
386,77.316,77.896,78.252,0.627,-3.373,-1.747,246791.921,-606903.160,-707696.494,-0.918,49681265.172,76.870
387,77.167,77.710,78.079,3.292,-5.658,-3.973,-13708.853,-593777.204,-686073.232,-0.496,48354106.265,77.600
388,77.312,77.690,78.019,1.944,-5.134,-2.781,459675.525,-230100.570,-424508.543,0.254,48842549.195,76.760
389,77.128,77.521,77.862,-2.017,-4.741,-3.020,-409807.570,-578950.241,-640041.695,-0.068,48668135.740,76.790
390,77.015,77.388,77.728,-0.363,-2.822,-2.687,-255088.507,-463804.812,-553242.781,-0.016,48639828.646,77.160
391,77.063,77.346,77.657,0.377,0.744,-3.260,90912.726,-237128.448,-386223.035,-0.397,47800730.353,75.740
392,76.622,77.054,77.417,-2.397,1.774,-7.045,-854897.230,-693380.937,-681259.798,-0.056,47692417.001,75.570
393,76.272,76.784,77.186,-1.550,-0.723,-7.616,-697499.373,-636894.160,-643940.281,0.009,47711658.010,77.510
394,76.684,76.916,77.227,0.938,-1.059,-3.810,1197756.311,385862.538,60085.715,0.700,49511548.410,76.930
395,76.766,76.919,77.190,-0.298,-0.182,-2.645,452347.061,126892.724,-77233.930,0.389,50207841.521,77.840
396,77.124,77.086,77.271,2.773,1.262,1.632,1079956.867,528398.862,224317.371,0.328,51049531.505,76.180
397,76.809,76.922,77.135,0.807,-1.830,2.365,-856519.135,-427577.502,-394906.193,-0.733,48960206.905,76.330
398,76.650,76.814,77.034,-1.522,-0.560,0.276,-460240.557,-289414.938,-304003.343,-0.188,48543440.212,75.630
399,76.310,76.599,76.859,-1.690,-1.511,-3.459,-880407.971,-549656.368,-481095.776,-0.676,46882491.563,75.160
400,75.926,76.337,76.646,-3.443,-2.592,-2.478,-1031520.107,-692217.824,-587676.851,-0.833,44517696.563,73.600
401,75.151,75.839,76.265,-3.387,-2.825,-4.254,-2171680.512,-1375814.824,-1070717.410,-0.671,42602615.024,72.830
402,74.377,75.292,75.836,-4.585,-3.626,-6.147,-2085674.258,-1473605.174,-1176085.452,-0.667,40945765.024,74.000
403,74.252,75.057,75.607,-2.155,-4.528,-3.596,491329.355,-179252.128,-323407.698,0.793,44772547.851,71.900
404,73.468,74.483,75.143,-4.337,-6.538,-6.368,-2441754.897,-1657192.359,-1321472.161,-0.698,42010704.493,71.710
405,72.882,73.979,74.714,-2.568,-7.875,-7.063,-1887516.121,-1497528.034,-1253667.962,-0.574,39655268.727,72.450
406,72.738,73.701,74.431,-0.522,-4.896,-4.344,-69513.854,-576797.359,-651148.132,0.712,43089220.902,71.500
407,72.325,73.301,74.065,-3.378,-6.328,-5.386,-1050903.919,-1019867.666,-946465.122,0.282,43985213.749,72.080
408,72.243,73.079,73.817,0.250,-4.694,-7.006,148480.074,-371301.170,-509750.974,-0.260,42844484.658,71.420
409,71.969,72.777,73.517,-0.404,-4.976,-7.162,-769738.944,-777642.227,-771804.225,-0.532,40742729.029,70.140
410,71.359,72.298,73.095,-3.188,-4.701,-9.892,-1780486.869,-1327522.316,-1150576.537,-0.852,38212474.326,69.890
411,70.870,71.860,72.694,-2.252,-4.037,-8.257,-1454314.163,-1231967.123,-1107000.563,-0.771,35738932.157,72.100
412,71.280,71.904,72.620,0.028,-2.568,-5.542,774696.778,-56569.708,-314535.660,0.907,37887442.416,71.300
413,71.286,71.794,72.455,-0.168,-0.834,-5.725,-282800.548,-482247.070,-574943.103,-0.459,36513015.609,71.820
414,71.464,71.799,72.376,2.395,0.153,-4.444,176448.408,-195484.635,-366206.925,0.749,38089904.497,73.940
415,72.290,72.188,72.571,5.795,2.057,0.462,2763099.005,1283039.880,671618.966,0.934,41585569.961,73.560
416,72.713,72.437,72.695,2.025,2.881,1.002,1426885.350,823297.727,431973.850,-0.152,41086783.135,74.750
417,73.392,72.858,72.952,4.839,3.704,1.014,2318857.260,1419571.064,890827.254,0.618,43216264.664,76.410
418,74.398,73.504,73.384,6.391,6.987,6.273,6677430.747,3960481.365,2703796.062,-0.245,40943866.293,77.200
419,75.332,74.176,73.861,4.409,10.066,7.656,5680350.685,3910610.310,2826595.374,0.494,43247856.401,76.170
420,75.611,74.538,74.150,3.548,8.986,5.135,2359048.880,2420762.121,1937826.611,0.603,45754928.990,76.060
421,75.761,74.815,74.388,1.753,5.492,6.378,1428351.093,1901888.193,1641467.725,0.183,46477271.742,76.860
422,76.127,75.187,74.697,0.589,7.798,6.632,1597914.329,1908279.576,1678414.359,0.407,47461756.764,79.200
423,77.152,75.917,75.260,2.591,10.276,10.893,3724961.559,3012057.112,2465994.567,0.988,50830773.201,78.610
424,77.638,76.406,75.679,3.203,6.316,12.076,1789592.589,2086020.300,1897602.077,-0.829,47907021.463,79.400
425,78.225,76.951,76.144,4.391,7.939,13.607,1756703.026,2014184.591,1871767.305,1.000,50047431.463,78.560
426,78.337,77.243,76.446,2.212,5.097,8.960,546166.111,1307076.898,1403432.927,-0.801,48259194.498,79.700
427,78.791,77.690,76.853,0.631,4.306,11.781,1300496.861,1580182.619,1579148.606,0.887,50443745.917,77.780
428,78.454,77.706,76.969,-1.056,0.751,8.299,-1185419.373,173376.353,612098.550,-0.685,48246122.719,78.690
429,78.533,77.885,77.184,-0.894,3.308,6.424,-12245.962,566235.355,827348.839,0.692,50021854.565,78.700
430,78.588,78.033,77.373,0.178,3.471,6.987,2399.865,469045.566,727891.674,-0.657,47941098.201,79.670
431,78.949,78.331,77.660,-0.038,3.656,6.582,681682.754,754718.833,891936.281,0.496,48984491.800,80.450
432,79.449,78.716,78.009,3.433,1.578,5.287,1176410.429,1011291.005,1051177.468,0.007,49003127.713,79.690
433,79.530,78.893,78.219,1.271,1.374,3.225,72199.473,439015.833,652752.480,-0.244,48316038.624,77.780
434,78.946,78.691,78.164,-1.169,-2.040,2.114,-1422056.412,-442726.715,19837.397,-0.896,46246474.378,78.450
435,78.781,78.647,78.200,-1.531,-0.140,3.142,-493183.094,-114128.487,187928.165,0.663,47596069.680,77.880
436,78.481,78.508,78.160,-3.195,-2.284,1.327,-994126.550,-456289.391,-85064.538,-0.092,47273210.715,77.870
437,78.277,78.392,78.124,-2.284,0.116,-1.679,-676956.850,-381076.311,-79758.652,-0.109,46808293.079,80.890
438,79.148,78.846,78.470,3.998,2.796,2.900,5329599.567,2841430.728,2098050.230,0.609,50305678.192,80.250
439,79.515,79.101,78.692,2.294,1.970,1.071,2703825.845,1861584.850,1517328.751,0.425,51996161.274,82.780
440,80.604,79.770,79.203,6.292,3.904,5.372,5301441.893,3431601.057,2639746.906,0.977,56050212.662,83.480
441,81.562,80.445,79.738,7.204,3.766,4.743,4597483.529,3387594.829,2708474.393,0.466,58172429.320,83.580
442,82.235,81.015,80.218,3.326,4.881,7.457,3128735.586,2806439.351,2393820.056,0.129,58418579.429,83.040
443,82.503,81.383,80.571,3.477,6.763,5.528,1740243.164,2107679.163,1964999.839,0.296,58986094.674,82.090
444,82.366,81.511,80.761,-0.834,4.640,4.307,628303.659,1434360.161,1519927.940,0.475,59783882.349,82.740
445,82.490,81.735,81.008,-0.886,6.240,3.853,1117610.223,1554698.923,1591964.867,0.396,61059945.263,81.880
446,82.287,81.761,81.117,-2.034,5.150,1.778,39910.462,887392.017,1128533.126,-0.610,59559423.953,82.770
447,82.448,81.945,81.324,-0.325,2.324,3.865,1180309.821,1355340.475,1420105.053,0.189,60292756.741,82.660
448,82.519,82.075,81.491,0.694,3.003,6.274,669538.121,1044913.974,1198591.261,0.056,60472534.719,83.860
449,82.966,82.399,81.787,1.354,1.305,6.896,1530511.947,1446285.906,1455324.803,0.585,62058397.112,85.500
450,83.810,82.963,82.251,4.421,2.420,9.784,3667624.925,2627297.720,2266140.563,0.463,64302525.112,86.500
451,84.707,83.606,82.782,4.506,3.494,11.083,3598639.950,2778819.953,2415456.743,0.338,65473828.805,86.520
452,85.311,84.136,83.249,4.670,4.191,6.960,2419025.460,2284452.048,2120999.210,0.786,67825049.620,86.780
453,85.801,84.617,83.691,3.482,5.713,8.137,1895226.160,2023211.232,1961827.754,0.677,70033508.523,87.520
454,86.374,85.145,84.169,2.363,5.777,5.726,2110158.807,2117177.208,2034102.297,0.662,72306356.969,85.400
455,86.049,85.191,84.323,-1.272,4.299,2.300,-1380230.342,212052.509,734713.430,0.284,73427653.911,85.060
456,85.720,85.167,84.415,-1.687,2.767,1.771,-1290810.228,-28678.857,503878.001,-0.163,72895246.934,84.800
457,85.413,85.100,84.463,-2.282,2.589,2.119,-1035588.359,-118945.359,375250.173,-0.372,72144436.060,85.600
458,85.475,85.191,84.605,-2.194,2.075,4.276,-7664.506,275078.015,584366.802,-0.380,71170827.848,86.880
459,85.944,85.498,84.890,1.733,1.614,5.004,1075265.796,814359.540,916461.751,0.560,72587891.426,86.900
460,86.262,85.753,85.141,2.163,0.462,6.131,735823.997,676646.969,809021.583,0.212,73191804.760,85.620
461,86.048,85.729,85.201,0.967,-1.040,3.443,-1019782.828,-270197.295,141519.325,-0.704,70700805.537,86.410
462,86.169,85.853,85.352,0.946,-0.426,4.537,28878.008,165511.246,389604.369,-0.752,68676700.810,87.380
463,86.573,86.130,85.606,0.576,-0.160,4.197,1176810.558,766813.867,774988.281,0.480,70395769.101,87.040
464,86.728,86.296,85.785,0.161,1.920,1.801,428791.006,433348.055,544708.733,-0.773,67968302.834,88.460
465,87.306,86.689,86.119,3.317,3.997,2.266,1645094.137,1095957.572,986332.691,0.196,68531634.987,88.610
466,87.740,87.039,86.431,2.546,4.493,2.416,1215982.875,961739.895,907761.149,-0.612,67073139.556,88.000
467,87.827,87.213,86.627,0.710,2.804,1.406,350608.296,535943.394,621773.398,-0.667,65564788.889,88.620
468,88.091,87.469,86.876,1.815,2.003,1.257,983517.264,847469.177,825218.623,-0.383,64174070.889,86.740
469,87.641,87.337,86.859,-1.944,-0.184,1.569,-2417675.637,-982990.935,-430441.385,-0.667,60904545.556,86.900
470,87.394,87.257,86.864,-1.930,1.495,2.163,-1454995.918,-718744.670,-317840.772,0.015,60949772.817,86.200
471,86.996,87.065,86.781,-2.045,-0.243,1.651,-1526511.279,-891616.912,-486803.425,-0.722,59228106.989,86.640
472,86.877,86.988,86.763,-2.234,-0.847,1.215,-579925.959,-490732.986,-261797.412,-0.200,58631177.589,88.320
473,87.358,87.230,86.958,1.822,1.471,1.657,1411865.254,579481.680,445358.224,0.455,60093469.640,87.870
474,87.529,87.346,87.072,1.116,-0.667,1.116,560577.103,266485.157,246938.546,-0.515,58787623.737,87.470
475,87.509,87.369,87.122,1.473,-1.287,2.161,96697.668,66931.274,112188.578,0.014,58816886.456,87.690
476,87.569,87.427,87.193,1.212,-0.352,1.481,251850.259,156972.031,168434.436,-0.329,57974982.618,88.060
477,87.733,87.542,87.301,-0.294,-0.632,0.778,523992.983,322664.104,280914.935,1.000,60862221.618,85.830
478,87.099,87.231,87.117,-2.322,-1.049,-1.390,-1582787.945,-789883.879,-478743.157,-0.766,58870265.356,85.340
479,86.512,86.887,86.895,-2.435,-1.795,-3.527,-1462148.397,-868244.865,-571508.925,0.315,59655280.561,86.130
480,86.385,86.749,86.799,-1.779,-0.081,-2.799,-347010.268,-367970.164,-264662.060,0.085,59856735.294,86.970
481,86.580,86.790,86.821,-1.238,0.381,-1.170,665301.862,188010.979,104661.462,0.645,61922119.536,87.730
482,86.963,86.961,86.934,2.214,-0.668,-1.004,1061241.294,490758.103,323218.799,0.639,63479495.562,87.170
483,87.032,86.999,86.964,2.144,-0.797,0.496,285976.036,171610.360,124747.139,-0.165,63107904.056,87.110
484,87.058,87.019,86.982,1.138,-0.412,0.242,153130.491,119942.913,95083.672,-0.296,62552605.096,86.620
485,86.912,86.946,86.937,-0.402,-1.220,0.487,-263226.789,-101126.953,-53794.456,-0.191,62125016.934,87.550
486,87.125,87.056,87.014,-0.205,-0.579,1.050,540497.054,307795.173,221422.944,0.558,63414803.609,89.440
487,87.896,87.490,87.317,2.604,4.206,1.268,2218826.959,1265557.282,890680.922,0.760,65655663.677,89.390
488,88.394,87.835,87.576,2.617,4.746,1.730,1439697.506,1013899.339,764525.632,0.000,65655663.677,89.420
489,88.736,88.123,87.806,3.233,3.820,2.229,978810.617,839924.340,676089.533,-0.481,64742086.586,89.500
490,88.991,88.374,88.018,2.227,2.909,2.064,705472.145,716082.678,611427.741,0.354,65443833.051,87.990
491,88.657,88.304,88.015,-1.621,0.296,-0.079,-1684935.920,-589705.455,-273219.733,-0.930,61460123.672,89.900
492,89.071,88.594,88.250,0.571,3.132,4.742,541802.183,425746.154,385342.533,0.897,63805831.126,88.970
493,89.038,88.662,88.340,-0.503,2.135,4.254,-694703.494,-227610.393,-58789.640,-0.353,62603662.302,89.080
494,89.052,88.738,88.433,-0.469,2.840,3.425,-349795.586,-124404.825,-8938.406,0.416,63890225.335,89.060
495,89.055,88.797,88.511,1.216,1.725,2.403,-247095.658,-109366.820,-13033.081,0.852,65666157.557,91.160
496,89.756,89.226,88.842,1.402,1.923,3.910,3216895.362,1755041.220,1256705.729,0.262,66934267.232,91.060
497,90.191,89.560,89.119,2.349,1.868,4.463,2026572.241,1371565.725,1055358.263,0.567,68942757.174,90.920
498,90.434,89.807,89.345,2.066,1.677,4.374,1177520.354,1027538.608,858365.553,-0.537,66944782.427,91.040
499,90.636,90.031,89.556,2.223,1.721,5.103,885018.769,895261.697,788571.809,0.243,67551610.097,90.450
500,90.574,90.107,89.668,-0.779,2.796,3.312,12580.103,417523.711,473463.179,-1.000,64615513.097,89.490
501,90.213,89.995,89.646,-1.724,-0.456,0.056,-795604.945,-96930.608,112783.402,-0.766,62690752.314,91.360
502,90.595,90.243,89.860,0.484,2.686,2.204,1533927.104,1046691.539,872809.376,0.462,64219256.929,91.020
503,90.737,90.385,90.005,-0.022,2.178,1.789,695565.722,677991.797,641063.574,0.136,64612769.111,90.390
504,90.621,90.386,90.053,-0.066,1.493,0.994,-227561.218,177663.271,301703.740,-0.825,61897058.861,90.940
505,90.727,90.486,90.164,1.620,-0.241,3.353,574531.404,541491.158,536330.354,0.673,64561093.042,88.590
506,90.015,90.142,89.967,-3.032,-2.712,-1.457,-5212032.180,-2608808.935,-1628855.859,-0.085,63952528.921,90.640
507,90.223,90.232,90.051,-0.417,-0.308,1.877,-823005.604,-688107.756,-430867.933,0.484,65829169.487,91.160
508,90.536,90.401,90.190,0.852,0.132,2.335,50753.878,-236038.556,-152225.336,-0.457,64248270.287,91.650
509,90.907,90.628,90.372,0.781,1.327,2.908,414486.212,14504.978,9546.691,0.431,65251685.176,90.510
510,90.775,90.607,90.390,2.167,1.140,-0.713,-832561.839,-592979.189,-407478.888,-0.965,62435359.094,89.300
511,90.283,90.369,90.253,-1.478,-2.255,-1.933,-1967441.959,-1255565.191,-886194.302,-0.625,60246721.594,88.490
512,89.685,90.027,90.033,-2.929,-2.780,-2.673,-2167256.893,-1493987.295,-1096280.859,-0.756,57851550.199,88.570
513,89.314,89.762,89.850,-3.361,-2.013,-2.713,-1389505.022,-1192171.656,-938495.912,0.085,58028144.582,89.180
514,89.269,89.656,89.766,-1.469,-1.935,-1.404,-416557.851,-697351.993,-630016.862,-0.232,57445684.915,90.480
515,89.673,89.806,89.856,1.321,2.133,1.106,635895.332,-72233.140,-208664.542,0.581,58670783.388,89.630
516,89.658,89.774,89.827,1.288,-1.114,-1.894,-846596.228,-752114.269,-659028.893,-0.026,58554812.414,89.980
517,89.766,89.812,89.846,1.592,-1.294,-1.143,-283529.719,-462165.620,-471324.869,0.324,59335306.012,88.690
518,89.407,89.608,89.702,-0.549,-3.230,-1.881,-1795707.503,-1254510.611,-1014917.144,-0.410,57803960.520,88.870
519,89.228,89.474,89.598,-1.779,-1.812,-2.276,-1090071.935,-968017.918,-847902.601,0.820,59266879.800,86.930
520,88.462,89.011,89.264,-3.012,-2.654,-1.874,-2453481.463,-1733887.482,-1389452.341,-0.217,58688012.681,86.490
521,87.805,88.553,88.918,-3.879,-2.260,-4.579,-1940851.216,-1585106.252,-1330219.638,-0.561,57519599.633,86.490
522,87.366,88.178,88.614,-2.481,-2.348,-5.123,-1293900.810,-1296905.116,-1163942.183,-0.217,57144337.262,86.600
523,87.111,87.891,88.362,-2.554,-2.893,-5.510,-798612.770,-1026201.766,-994453.997,0.084,57291123.140,86.070
524,86.764,87.560,88.076,-0.989,-4.874,-4.906,-929670.367,-1056307.910,-1019120.442,-0.543,56069872.485,86.850
525,86.793,87.431,87.923,0.416,-3.102,-2.744,-60807.285,-559357.585,-682115.527,0.223,56549345.694,85.870
526,86.485,87.147,87.666,-0.717,-4.568,-2.961,-700184.683,-817463.384,-844218.521,-0.802,54929677.965,88.050
527,87.007,87.311,87.714,1.674,-0.722,-0.587,2026989.238,691409.428,196475.929,0.826,57765774.244,88.950
528,87.654,87.609,87.869,3.346,0.090,-0.258,2142747.459,997382.968,468699.426,0.115,58069269.138,87.350
529,87.553,87.562,87.804,0.576,0.483,-3.459,199914.839,145904.174,-50606.803,-0.192,57626270.292,86.330
530,87.145,87.338,87.620,0.536,-0.185,-3.682,-328085.421,-132275.847,-217291.695,-0.733,56631175.825,86.430
531,86.907,87.173,87.471,-1.840,-0.069,-3.945,-170816.514,-82094.547,-172165.070,-0.246,56278176.141,85.600
532,86.471,86.887,87.237,-3.766,-1.155,-3.484,-429428.182,-239286.724,-268975.877,-0.902,55249450.180,85.190
533,86.044,86.578,86.981,-2.473,-1.022,-4.141,-707976.605,-425793.402,-393488.073,-0.187,54672712.797,83.840
534,85.309,86.081,86.588,-2.884,-3.466,-3.555,-1848469.153,-1099186.283,-860483.845,-0.746,52391246.360,84.660
535,85.093,85.822,86.347,-2.048,-1.409,-2.116,-197470.856,-334875.006,-364857.647,0.436,54041557.104,85.230
536,85.139,85.715,86.208,-0.432,-3.203,-1.457,457646.503,47444.308,-98265.289,0.234,54767450.849,88.330
537,86.202,86.190,86.473,3.686,-0.697,1.998,3927459.035,2014651.543,1272403.385,0.835,57694382.363,89.230
538,87.212,86.743,86.818,6.429,2.152,3.671,3454469.924,2104440.662,1426914.424,0.814,59963044.107,89.390
539,87.938,87.224,87.139,5.587,3.545,2.925,2414670.456,1782737.182,1290434.061,0.269,60526310.887,90.580
540,88.818,87.834,87.569,6.277,4.802,5.485,2059190.944,1703736.225,1297658.794,0.794,61426020.769,91.190
541,89.609,88.444,88.022,3.238,6.530,3.566,1909330.239,1686622.153,1336652.548,0.833,63624939.936,90.810
542,90.009,88.875,88.370,1.771,6.597,2.091,948114.253,1202814.904,1047781.265,-0.902,61311091.692,91.310
543,90.443,89.317,88.738,2.148,8.910,4.533,1030956.169,1201692.194,1066388.606,0.872,63398846.585,92.080
544,90.989,89.820,89.156,1.656,8.764,6.660,1315916.969,1326082.444,1168819.852,-0.203,62902615.402,91.590
545,91.189,90.142,89.460,0.439,7.462,5.970,508894.509,884040.107,884573.569,-0.217,62412309.098,89.430
546,90.603,90.012,89.456,-1.520,1.245,4.474,-1745104.594,-413622.240,-7635.977,-0.764,60201464.502,89.200
547,90.135,89.864,89.424,-2.311,-0.034,4.707,-1373425.569,-452975.927,-85439.920,0.094,60459017.185,89.600
548,89.957,89.816,89.446,-2.693,0.235,6.870,-649587.046,-225509.395,25001.320,0.037,60532914.408,89.970
549,89.961,89.844,89.512,-1.769,-0.673,6.272,-216284.897,-66267.796,103166.080,0.923,62155332.869,90.690
550,90.204,89.998,89.659,1.409,-0.548,6.406,399929.668,242573.403,294315.170,0.159,62515536.654,90.550
551,90.319,90.098,89.770,1.513,-0.286,2.513,193031.299,158329.977,229930.094,-0.286,62064994.940,91.070
552,90.570,90.275,89.933,1.641,-0.263,2.062,501384.013,332831.698,340950.012,0.696,63560766.766,89.750
553,90.296,90.180,89.910,-0.245,-2.530,0.403,-843567.672,-370132.436,-143352.619,-0.747,61559872.544,89.500
554,90.031,90.056,89.859,-1.312,-2.282,-1.192,-728488.031,-393440.857,-187724.636,-0.451,60660926.563,89.130
555,89.731,89.888,89.768,-1.568,-0.335,-2.259,-709999.184,-444273.699,-248386.743,-0.706,59376942.799,90.670
556,90.044,90.030,89.880,-0.439,1.648,-0.154,542777.177,190745.137,163702.838,0.863,61084394.363,92.100
557,90.729,90.406,90.158,2.618,2.790,0.865,1770277.042,924296.343,671399.579,0.373,62186908.916,91.680
558,91.046,90.638,90.348,2.436,1.901,-0.434,894612.694,600475.917,480385.132,-0.976,60196260.723,92.540
559,91.544,90.984,90.622,3.826,2.040,1.037,1314644.916,883063.816,689675.660,0.963,62608941.316,92.550
560,91.879,91.268,90.863,2.073,2.209,3.489,888764.524,729234.711,608091.670,0.470,64348433.367,92.800
561,92.186,91.547,91.105,0.760,1.900,4.036,680260.349,644510.582,564986.712,0.696,65081778.224,94.100
562,92.824,92.011,91.480,2.640,4.847,5.022,1430868.133,1060432.967,860873.835,0.618,66476766.912,93.990
563,93.213,92.371,91.793,1.567,5.017,4.468,850870.249,811422.333,714623.916,0.524,67950425.156,93.080
564,93.169,92.500,91.954,0.573,4.432,2.635,108255.572,413532.131,453174.204,-0.853,66659382.091,94.650
565,93.662,92.891,92.291,1.994,4.390,4.528,1289825.225,1002519.840,853147.995,0.889,68728884.770,96.150
566,94.492,93.483,92.774,2.179,4.397,5.578,2444649.983,1684661.596,1340791.933,0.600,70630604.570,95.340
567,94.774,93.821,93.094,1.436,3.992,6.228,1018874.106,1045145.369,944108.235,-0.641,69180937.175,96.110
568,95.220,94.237,93.471,3.255,3.858,7.385,1234736.900,1158112.119,1034402.517,0.232,69682581.512,95.940
569,95.460,94.547,93.780,1.363,3.663,7.641,692417.904,876233.535,856074.691,0.694,71283055.648,98.500
570,96.473,95.266,94.370,2.444,6.142,8.636,6789669.962,4168586.362,3122087.115,-0.528,67366048.576,99.580
571,97.509,96.050,95.021,4.447,5.824,8.122,6277842.322,4365968.303,3388599.605,0.720,70867021.249,99.470
572,98.163,96.672,95.577,3.496,5.830,8.497,4052017.664,3499495.584,2915070.698,0.208,71622883.430,100.080
573,98.802,97.291,96.140,4.315,7.520,8.148,3326259.406,3204086.004,2785029.722,0.333,72647333.097,100.590
574,99.398,97.891,96.696,2.122,6.276,8.687,2705969.141,2887959.205,2620074.583,0.208,73244754.196,101.440
575,100.079,98.536,97.289,1.868,5.502,9.310,2600817.594,2797514.713,2591379.573,0.718,75263043.254,101.900
576,100.686,99.148,97.866,2.443,6.881,8.289,2223077.356,2555711.471,2450906.736,0.133,75688433.654,101.320
577,100.897,99.543,98.297,1.239,5.421,7.799,956083.404,1804144.930,1947305.332,-0.921,73183395.783,102.470
578,101.421,100.075,98.819,1.869,6.806,10.088,1697835.753,2054544.116,2101559.722,1.000,75949778.783,102.410
579,101.751,100.500,99.268,0.956,3.970,8.199,1081867.202,1653705.204,1820106.019,0.113,76233416.051,103.080
580,102.194,100.969,99.744,1.158,3.515,7.207,1254680.041,1643996.207,1792630.981,0.444,77293221.164,103.620
581,102.669,101.451,100.229,2.270,4.172,8.685,1344108.981,1621990.871,1758922.966,0.224,77926351.756,103.450
582,102.930,101.814,100.631,0.956,3.367,7.637,771162.491,1258950.624,1492216.284,-0.174,77542116.499,102.850
583,102.903,102.003,100.909,0.430,2.247,7.202,68396.927,786935.201,1138547.474,-0.491,76447386.744,102.900
584,102.902,102.166,101.158,-0.175,1.439,4.467,79930.751,662583.055,1009103.839,0.267,76996711.544,102.730
585,102.845,102.268,101.354,-0.859,0.815,3.163,-43996.409,489049.640,846484.518,-0.517,76108727.579,101.350
586,102.346,102.101,101.354,-2.030,0.030,1.890,-1222628.899,-250758.273,293187.219,-0.646,74431716.831,102.270
587,102.321,102.132,101.468,-0.564,-0.195,2.188,-201399.626,129572.126,486671.181,-0.459,73513895.696,101.340
588,101.994,101.988,101.452,-1.516,-1.045,0.746,-863431.678,-291712.948,152400.311,0.000,73513895.696,102.020
589,102.003,101.994,101.523,-0.691,-1.028,0.572,-195917.052,-31562.921,275739.297,-0.306,73002039.724,101.710
590,101.905,101.942,101.547,0.355,-1.843,-0.186,-345455.938,-143012.155,160705.171,0.185,73387065.835,100.570
591,101.460,101.693,101.424,-1.662,-2.784,-0.740,-1301294.819,-701186.778,-261004.548,0.061,73557877.774,101.150
592,101.357,101.594,101.390,-0.187,-1.653,-1.288,-274092.052,-250004.913,-5839.794,0.429,74873380.346,102.120
593,101.611,101.690,101.481,0.098,-0.758,-0.283,516186.065,176676.399,256982.968,0.796,76593185.528,101.770
594,101.664,101.704,101.517,0.059,-0.934,-1.271,165259.927,46991.172,157786.053,0.510,77374776.626,102.810
595,102.046,101.905,101.679,2.227,1.441,-0.782,721916.884,372125.649,367466.646,0.897,78957499.461,102.000
596,102.031,101.923,101.719,0.840,-0.264,-1.402,-57273.527,10711.104,119576.522,0.310,79574886.485,103.510
597,102.524,102.211,101.943,1.361,2.141,0.642,1510793.265,853659.422,685495.313,0.990,82621851.832,101.890
598,102.313,102.153,101.936,0.118,-0.127,-0.982,-535149.250,-142830.342,21429.114,-0.887,80089764.952,98.660
599,101.095,101.518,101.527,-4.037,-2.999,-3.962,-7166317.843,-3831162.104,-2534831.404,-0.753,75326748.643,98.710
600,100.300,101.007,101.175,-3.225,-1.849,-2.605,-4720618.062,-3103535.994,-2196629.791,-0.110,74951404.687,99.980
601,100.193,100.820,101.025,-3.410,-1.157,-2.239,-2037726.088,-1934155.293,-1506043.835,0.989,77542144.074,98.090
602,99.492,100.324,100.658,-3.730,-3.946,-3.207,-2972173.619,-2462685.000,-1922921.940,-0.937,75143361.407,99.200
603,99.395,100.120,100.476,0.547,-2.525,-2.764,-1170814.599,-1572759.829,-1378568.768,0.600,76457903.807,100.400
604,99.730,100.171,100.467,1.712,-2.344,-1.288,239248.134,-730553.751,-823825.972,0.619,78036152.093,101.030
605,100.163,100.327,100.537,1.050,-0.951,0.457,614694.546,-349437.184,-550149.304,0.206,78481970.327,101.660
606,100.662,100.569,100.677,3.640,-1.787,0.504,815811.414,-64440.396,-329124.997,0.662,79761288.063,101.620
607,100.981,100.760,100.795,2.440,-0.265,-0.490,519350.956,-66100.316,-297180.618,0.935,81481875.837,102.770
608,101.578,101.126,101.042,2.361,4.166,0.983,1142585.587,380291.532,38598.816,0.040,81564973.397,102.290
609,101.815,101.337,101.198,1.247,3.627,-0.506,459567.085,146334.904,-79534.776,-0.220,81149923.068,102.910
610,102.180,101.623,101.412,1.230,2.931,0.892,607697.850,284084.809,43401.993,0.087,81277321.039,103.350
611,102.570,101.937,101.654,1.702,5.362,-0.155,647019.700,364371.826,128684.669,0.745,82506750.766,104.220
612,103.120,102.352,101.975,1.411,5.060,2.287,893096.647,549986.137,285755.403,0.898,83936726.065,103.380
613,103.207,102.539,102.151,1.066,2.968,4.784,74871.884,166065.451,54838.773,-0.286,83405577.208,103.640
614,103.351,102.739,102.337,0.709,2.583,4.994,203682.576,219745.180,105646.921,-0.469,82573899.396,104.100
615,103.601,102.987,102.557,0.726,2.400,4.121,381417.344,313770.943,184551.916,0.356,83144077.158,104.240
616,103.814,103.215,102.768,0.019,2.578,6.270,411503.689,342481.023,220442.474,0.027,83235134.375,102.640
617,103.423,103.110,102.752,-0.716,-0.126,3.468,-560649.807,-175234.945,-120232.435,-0.607,82284592.732,102.300
618,103.048,102.963,102.695,-1.293,0.010,1.892,-600339.025,-266959.039,-190168.063,0.271,82826034.336,103.120
619,103.072,102.991,102.748,-0.941,0.204,2.069,93115.504,50674.343,18606.015,-0.065,82708322.945,101.050
620,102.398,102.638,102.536,-3.060,-2.225,-0.600,-1295653.248,-699119.310,-492868.581,-0.938,80862943.540,101.320
621,102.039,102.399,102.384,-1.286,-2.783,-0.295,-710354.832,-488326.345,-373729.758,0.041,80932995.595,99.400
622,101.159,101.853,102.011,-2.835,-3.850,-3.279,-2324839.648,-1409323.242,-1021239.699,-0.624,79129368.807,103.790
623,102.036,102.206,102.233,0.650,0.145,1.466,4034173.731,1892771.982,1200440.325,0.909,82596586.436,105.120
624,103.064,102.735,102.594,4.028,0.980,2.148,4602664.351,2592203.547,1767840.983,0.536,84911140.294,105.630
625,103.919,103.262,102.974,4.254,1.333,2.206,3540136.121,2378181.022,1723745.818,0.710,86880941.348,105.790
626,104.543,103.721,103.326,6.429,3.069,1.506,2497962.480,2020987.236,1559979.490,-0.262,86204839.578,104.000
627,104.362,103.772,103.410,0.202,1.662,0.600,-397851.050,528175.355,591297.290,-0.489,84515614.854,104.510
628,104.411,103.906,103.547,-0.580,1.348,0.839,635253.587,923318.538,855067.987,-0.331,82762129.833,105.740
629,104.854,104.240,103.822,0.104,4.641,1.575,1765493.071,1487437.356,1251430.993,-0.045,82613868.774,105.100
630,104.936,104.396,103.981,-0.652,3.731,0.825,286214.794,731113.881,760959.399,0.659,85365925.274,105.200
631,105.024,104.542,104.134,1.154,5.835,2.494,282814.463,648368.411,700341.199,0.073,85567886.591,105.260
632,105.103,104.673,104.274,0.718,1.416,2.893,232558.615,554491.777,629304.414,-0.576,84300769.682,105.650
633,105.285,104.850,104.446,-0.085,0.504,2.453,377098.317,574798.312,633913.578,0.477,85116022.136,107.100
634,105.890,105.259,104.778,1.903,1.392,5.987,1621565.261,1217653.010,1068486.774,0.914,87706993.050,105.450
635,105.743,105.294,104.862,0.238,-0.321,4.076,-210098.543,292002.253,450747.659,-0.412,86740362.639,103.100
636,104.862,104.895,104.642,-2.052,-0.865,3.722,-3389987.228,-1533773.538,-824316.374,-0.657,84015146.835,105.360
637,105.028,104.980,104.732,-0.274,0.813,1.513,-448177.359,-266643.371,-41846.530,0.845,86047997.704,103.790
638,104.615,104.763,104.614,-3.091,-1.844,-1.265,-1841640.129,-1059720.153,-615186.422,-0.731,83893594.281,102.120
639,103.784,104.283,104.302,-3.158,-2.835,-3.323,-2736380.750,-1689927.760,-1104020.868,-0.539,82432682.617,103.220
640,103.596,104.090,104.167,0.116,-1.882,-2.429,-1037778.766,-953681.767,-671090.110,0.231,82927666.924,103.450
641,103.547,103.973,104.077,-1.813,-1.720,-0.529,-558395.088,-707490.124,-537157.312,0.437,83688438.709,103.750
642,103.615,103.933,104.036,-0.039,-1.798,-0.727,-155349.692,-460538.992,-388670.011,0.741,85295623.119,104.170
643,103.800,103.976,104.053,2.007,-2.736,-1.485,131671.199,-248493.179,-251872.137,-0.064,85188371.906,105.930
644,104.510,104.331,104.288,2.625,0.455,0.790,1655227.999,651658.599,367404.580,0.452,86395421.982,104.680
645,104.567,104.395,104.337,1.189,1.532,-0.494,516409.499,212952.035,101325.570,-0.872,85166658.610,106.500
646,105.211,104.777,104.607,2.651,1.082,1.178,1400864.293,750556.007,484881.609,0.811,86578298.800,106.820
647,105.747,105.149,104.884,2.544,2.919,1.107,1156940.142,735744.340,507907.888,0.754,88154058.568,104.700
648,105.398,105.067,104.861,-1.161,2.526,-2.241,-553501.639,-120642.849,-52378.748,-0.931,86408005.136,106.110
649,105.636,105.257,105.017,1.366,2.800,0.626,511504.428,381567.953,284358.165,0.901,88096848.131,107.280
650,106.184,105.625,105.300,0.732,3.702,4.054,1024220.552,684856.107,505019.995,0.379,88761339.166,107.190
651,106.519,105.909,105.536,0.346,3.316,1.737,644963.121,539691.044,427698.528,0.056,88831432.832,107.860
652,106.966,106.264,105.827,3.018,3.542,3.921,777207.604,630964.776,504448.283,0.724,89957301.488,108.290
653,107.407,106.632,106.135,2.054,2.228,6.042,883945.996,715775.322,578570.095,0.960,92407361.648,107.460
654,107.425,106.783,106.300,0.168,2.656,4.108,154830.511,348652.453,343323.776,-0.550,91544182.535,108.120
655,107.657,107.026,106.528,0.868,1.521,4.514,434713.260,466075.418,424718.149,0.522,92330331.752,106.830
656,107.381,106.990,106.565,-0.955,0.009,2.969,-562332.910,-83470.158,52075.224,-0.774,90795612.392,107.650
657,107.471,107.110,106.701,-0.591,2.818,3.341,366570.154,336138.285,323612.856,0.590,92395382.699,109.220
658,108.054,107.494,107.016,1.638,2.931,3.106,1213571.456,803672.062,646608.007,0.882,94029463.287,107.670
659,107.926,107.526,107.098,-0.416,0.364,2.856,-6646.580,212625.751,259896.674,-0.847,92691900.190,108.380
660,108.077,107.681,107.258,1.451,1.110,1.765,707640.490,562369.183,494436.419,-0.165,92194389.852,108.310
661,108.155,107.795,107.389,0.613,0.417,1.395,423018.230,433533.643,414353.580,-0.270,91629809.581,106.590
662,107.633,107.576,107.290,-2.408,-1.570,1.805,-1190891.500,-448692.649,-189779.487,-0.936,89224771.454,104.040
663,106.435,106.933,106.883,-3.371,-3.183,-1.951,-3780657.667,-1996237.622,-1286080.801,-0.644,86963415.018,104.990
664,105.954,106.580,106.647,-3.128,-2.895,-2.135,-1629176.311,-1147142.345,-791097.401,0.312,87842950.018,104.830
665,105.579,106.262,106.420,-3.213,-1.872,-2.202,-1182932.847,-991379.359,-728515.966,0.650,89022886.568,105.550
666,105.569,106.132,106.311,-0.976,-1.951,-2.142,18433.782,-370916.377,-334805.590,0.567,90928434.701,105.420
667,105.520,106.003,106.200,1.326,-3.479,-2.650,-118847.142,-375005.943,-342131.015,0.651,92897881.416,104.970
668,105.336,105.815,106.046,-0.019,-2.508,-2.317,-355031.628,-457259.517,-402789.713,-0.250,92438214.416,100.640
669,103.771,104.874,105.370,-3.997,-7.142,-6.918,-7940213.845,-4576044.747,-3241263.284,-1.000,87100898.416,102.080
670,103.207,104.366,104.959,-3.288,-5.752,-4.446,-3332662.457,-2674502.007,-2100800.334,0.915,90837440.615,102.110
671,102.842,103.956,104.603,-3.140,-4.203,-5.146,-2188815.061,-2170250.782,-1825840.326,0.333,91936104.281,98.910
672,101.531,103.038,103.891,-5.773,-4.931,-9.440,-5914286.308,-4205701.331,-3268263.885,-0.711,88967171.679,98.720
673,100.594,102.253,103.245,-1.908,-5.972,-8.312,-4162591.208,-3560883.091,-2942131.026,0.156,89507401.973,101.650
674,100.946,102.144,103.045,-0.421,-3.033,-6.210,1224302.271,-731979.032,-1074603.494,0.752,92587045.783,106.250
675,102.714,102.890,103.446,4.054,0.663,-1.902,9459049.514,4115388.792,2300789.943,0.519,95509748.005,104.510
676,103.313,103.185,103.579,5.662,-0.863,-1.951,4332091.169,2290440.735,1272963.010,0.159,96049303.176,103.460
677,103.362,103.235,103.564,4.801,-1.439,-0.557,2102362.230,1445434.120,819205.678,-0.966,93881197.287,105.440
678,104.055,103.636,103.799,3.728,4.769,0.429,3251451.200,2191651.396,1410508.610,0.993,96664439.986,105.630
679,104.580,103.998,104.028,-0.584,3.478,0.763,2310375.813,1871028.422,1287723.164,-0.254,96092576.225,104.820
680,104.660,104.148,104.127,0.297,2.654,-0.692,840395.692,1149102.427,864312.200,-0.483,94840235.045,105.630
681,104.983,104.417,104.315,2.097,6.794,0.199,985409.305,1172072.264,915702.741,0.783,96073365.708,105.890
682,105.285,104.685,104.511,0.427,7.263,0.876,917157.156,1100905.100,898821.506,0.267,96874035.308,103.450
683,104.674,104.460,104.379,-2.064,1.771,2.792,-1872965.016,-454388.438,-145182.352,-0.774,94510525.923,103.190
684,104.179,104.229,104.230,-1.555,-2.880,1.087,-1594270.444,-560296.231,-256644.721,-0.202,93705607.483,101.700
685,103.353,103.770,103.914,-3.721,-2.689,-0.402,-2180569.966,-1068091.282,-643710.257,0.147,94036242.170,101.400
686,102.702,103.339,103.600,-4.240,-1.991,2.517,-1724032.711,-1021339.813,-664616.250,-0.818,91824537.989,100.840
687,102.081,102.884,103.255,-2.523,-4.363,2.147,-1913034.607,-1252194.101,-867919.019,0.059,92066776.541,98.750
688,100.971,102.133,102.692,-4.303,-6.513,-2.853,-3541526.685,-2260615.326,-1609242.996,-0.876,89217358.030,98.800
689,100.247,101.527,102.205,-2.852,-5.743,-7.012,-2295183.806,-1813684.913,-1383399.878,0.197,89996970.990,96.970
690,99.155,100.698,101.551,-4.369,-8.198,-7.215,-4159138.358,-2917932.648,-2196355.826,-0.846,86350164.682,98.420
691,98.910,100.284,101.159,-2.400,-7.054,-4.871,-538060.472,-1168473.021,-1083799.435,0.930,90648406.341,97.890
692,98.570,99.849,100.751,-0.871,-5.375,-7.160,-598749.635,-1086955.738,-1038340.501,0.133,90828768.996,98.710
693,98.617,99.642,100.496,-0.091,-4.342,-6.551,104301.277,-614708.676,-719747.551,0.185,91169871.773,99.190
694,98.808,99.560,100.332,2.289,-2.468,-5.371,524949.545,-254535.084,-458998.347,0.478,92531167.686,101.400
695,99.672,99.894,100.466,3.028,0.000,-4.005,3331440.530,1418002.658,716429.259,0.720,95444405.609,101.490
696,100.278,100.184,100.594,3.678,0.645,-4.155,2293558.343,1199782.897,654099.848,-0.008,95424070.038,103.340
697,101.299,100.758,100.937,4.691,4.648,-0.106,2798907.262,1674296.025,1048538.004,0.683,96829587.149,102.950
698,101.849,101.157,101.189,3.791,4.200,-0.233,1562136.885,1204168.771,803545.270,0.216,97334364.677,103.270
699,102.323,101.541,101.449,1.844,6.497,1.544,1297713.230,1125022.798,799210.351,0.348,98170862.321,101.580
700,102.075,101.548,101.465,0.089,3.211,0.178,-674019.150,80930.669,122123.569,-0.829,95907007.150,102.940
701,102.363,101.801,101.650,-0.387,5.159,2.083,635931.633,658185.675,513837.273,0.405,96876005.126,103.030
702,102.586,102.025,101.822,0.078,4.376,4.334,476491.472,567172.125,469309.007,0.455,97672021.035,104.160
703,103.110,102.413,102.114,0.862,5.011,5.425,1125935.668,904927.022,713748.389,0.974,99762146.360,103.930
704,103.384,102.689,102.341,2.313,2.495,7.177,636338.159,678057.225,581672.733,-0.612,98849937.972,103.900
705,103.556,102.909,102.536,0.933,2.375,5.568,407193.149,545483.754,502576.532,-0.385,98194849.895,101.740
706,102.950,102.696,102.437,-1.252,-1.548,3.933,-2001217.181,-793338.354,-412500.264,-0.748,95833689.225,100.710
707,102.204,102.335,102.221,-3.312,-2.176,2.026,-2463105.814,-1264891.941,-784298.116,-0.260,94977377.767,100.510
708,101.639,102.003,102.007,-3.291,-2.673,1.331,-1886669.409,-1168329.152,-777985.427,0.222,95792707.323,101.560
709,101.613,101.923,101.951,-2.252,-0.020,0.158,-1422.056,-270619.733,-209603.167,0.657,98152715.980,100.430
710,101.218,101.651,101.761,-1.288,-2.438,-1.044,-1585363.977,-1085643.022,-777558.749,0.229,99117489.833,98.780
711,100.406,101.129,101.388,-1.916,-4.125,-4.413,-2938158.468,-1914389.281,-1385832.336,-0.973,95789066.959,97.370
712,99.394,100.446,100.886,-3.124,-6.519,-5.420,-3955807.482,-2655610.414,-1961491.483,-0.965,91688105.123,97.460
713,98.749,99.903,100.458,-4.037,-6.225,-5.626,-2535649.108,-2117378.040,-1678221.593,-0.407,90311706.749,97.250
714,98.249,99.421,100.057,-3.166,-6.400,-4.263,-1868871.699,-1829730.557,-1535358.504,-0.146,89938663.627,95.020
715,97.173,98.620,99.427,-3.806,-6.605,-7.694,-5657707.812,-3903485.008,-2997861.196,-0.702,85772646.281,95.000
716,96.449,97.962,98.874,-2.434,-5.670,-7.794,-3799792.562,-3209026.290,-2633623.804,-0.600,83253784.481,97.340
717,96.746,97.849,98.682,-0.123,-3.154,-6.548,317398.419,-1070697.805,-1235448.281,0.626,85543246.454,96.250
718,96.581,97.558,98.378,-1.028,-5.228,-7.390,-763064.157,-1407659.897,-1446515.909,-0.523,84139290.342,95.680
719,96.280,97.217,98.041,0.695,-4.730,-7.911,-1070184.138,-1457980.661,-1476254.433,0.483,85567929.348,97.100
720,96.554,97.196,97.923,2.211,-1.701,-4.561,502160.468,-529829.690,-835866.419,0.305,86350918.373,97.020
721,96.709,97.164,97.810,-0.329,-0.359,-3.664,276227.779,-465431.128,-753337.817,-0.732,84743924.867,98.050
722,97.156,97.325,97.840,1.870,0.605,-2.448,1420117.862,293355.992,-195683.336,0.890,87947506.491,94.990
723,96.434,96.900,97.484,-0.721,-2.324,-6.469,-2366629.898,-1567276.992,-1413738.596,-0.932,84918916.506,95.280
724,96.049,96.606,97.208,-1.874,0.274,-5.128,-1346311.999,-1156076.848,-1150230.797,-0.438,83871445.256,95.880
725,95.993,96.474,97.042,-1.175,0.926,-2.936,-472832.733,-714221.821,-847186.222,0.586,85115234.728,94.810
