Date,Open,High,Low,Close,Volume
12-Sep-13,102.69,103.06,102.43,102.98,1837857
11-Sep-13,103.00,103.19,102.14,102.94,2252855
10-Sep-13,102.50,102.97,101.92,102.73,2841682
9-Sep-13,100.87,102.02,100.52,102.01,2368632
6-Sep-13,101.84,102.12,99.89,99.89,2443068
5-Sep-13,100.80,101.55,100.12,101.49,3630798
4-Sep-13,99.13,100.96,98.84,100.90,3226678
3-Sep-13,99.09,100.34,99.05,99.18,4555945
30-Aug-13,97.25,98.50,97.24,97.89,2178043
29-Aug-13,97.02,98.25,96.28,97.25,2398429
28-Aug-13,97.55,97.91,96.65,97.12,1951532
27-Aug-13,98.03,98.09,97.30,97.51,2906804
26-Aug-13,97.07,99.65,97.07,97.65,3267442
23-Aug-13,96.76,96.81,95.75,96.22,2426940
22-Aug-13,95.25,96.50,94.00,96.25,2490583
21-Aug-13,95.56,96.37,94.68,94.81,2366127
20-Aug-13,95.34,96.17,94.77,95.88,2123543
19-Aug-13,95.07,96.20,94.92,95.28,2394220
16-Aug-13,97.55,97.56,94.90,94.99,3248407
15-Aug-13,96.15,98.17,95.99,98.05,3599901
14-Aug-13,97.21,97.86,96.89,97.02,2195470
13-Aug-13,96.30,97.67,96.03,97.10,2568204
12-Aug-13,95.61,96.07,94.56,95.68,2955130
9-Aug-13,97.12,97.88,95.74,96.25,2682559
8-Aug-13,95.51,97.82,95.25,97.34,3654607
7-Aug-13,95.08,95.52,94.87,95.00,4198103
6-Aug-13,96.62,96.79,94.71,95.02,5935148
5-Aug-13,97.68,97.72,96.90,97.25,2549128
2-Aug-13,97.50,98.10,97.19,97.46,3385196
1-Aug-13,99.53,100.19,97.32,97.37,4249011
31-Jul-13,100.94,100.98,98.75,98.78,3420453
30-Jul-13,100.25,100.85,99.76,100.43,4206414
29-Jul-13,100.28,101.87,100.06,101.56,3589593
26-Jul-13,100.60,100.86,99.96,100.51,3668983
25-Jul-13,100.39,101.92,100.00,100.71,3288236
24-Jul-13,102.64,102.85,101.58,101.74,3156499
23-Jul-13,104.14,104.80,103.50,103.90,1703229
22-Jul-13,104.00,104.47,103.80,103.93,1490682
19-Jul-13,103.00,104.18,102.64,104.16,2145862
18-Jul-13,103.03,103.30,102.31,103.03,1751235
17-Jul-13,102.00,103.44,101.76,102.94,2393995
16-Jul-13,103.37,103.50,101.40,101.58,2732239
15-Jul-13,103.21,103.71,102.36,103.27,2402706
12-Jul-13,103.17,103.44,102.19,102.95,2336933
11-Jul-13,102.59,103.54,102.28,103.34,2059246
10-Jul-13,101.26,102.09,100.90,101.49,2419933
9-Jul-13,99.87,101.69,99.62,101.40,4047250
8-Jul-13,98.88,99.37,98.68,99.19,2846346
5-Jul-13,98.50,99.04,98.23,98.71,1841955
3-Jul-13,97.54,98.38,97.25,97.89,1358732
2-Jul-13,96.53,98.49,96.50,98.42,4623514
1-Jul-13,99.20,99.61,96.75,96.97,4309862
28-Jun-13,98.54,99.41,97.89,98.80,3950039
27-Jun-13,101.17,101.17,98.59,98.75,3252876
26-Jun-13,101.65,102.27,99.23,100.84,4091140
25-Jun-13,102.72,103.00,101.24,101.40,2703194
24-Jun-13,101.57,102.60,100.49,101.70,2250449
21-Jun-13,104.40,104.50,102.32,103.19,3988005
20-Jun-13,104.85,105.41,103.20,103.45,3054594
19-Jun-13,105.62,106.33,105.13,105.89,3002511
18-Jun-13,105.00,105.81,104.15,105.63,1574613
17-Jun-13,106.68,106.80,104.13,104.82,2592055
14-Jun-13,105.89,106.47,105.13,105.63,2253816
13-Jun-13,103.39,105.45,102.59,105.44,2802843
12-Jun-13,105.12,105.76,103.42,103.46,2244853
11-Jun-13,104.91,105.20,103.56,104.51,3403348
10-Jun-13,105.00,106.77,104.61,106.25,5636640
7-Jun-13,99.82,101.95,99.53,101.65,4094911
6-Jun-13,99.13,99.94,97.05,98.72,3469479
5-Jun-13,101.65,101.75,98.43,98.91,4176634
4-Jun-13,102.32,102.63,101.07,102.11,3295991
3-Jun-13,100.42,102.17,100.06,102.08,4085028
31-May-13,104.51,104.53,100.64,100.64,5337316
30-May-13,104.68,105.52,104.64,104.97,1838668
29-May-13,105.57,105.86,103.34,105.42,3026223
28-May-13,105.36,105.81,104.61,105.55,3362732
24-May-13,104.50,105.04,103.84,104.83,1815287
23-May-13,103.38,105.87,103.31,104.99,2814512
22-May-13,106.47,106.53,103.50,104.04,3513800
21-May-13,108.41,108.41,106.53,106.59,2569018
20-May-13,108.43,108.78,108.04,108.31,2088947
17-May-13,108.04,109.12,107.85,108.38,3008753
16-May-13,108.76,109.00,107.56,107.67,1578763
15-May-13,107.60,109.33,107.46,109.22,1851958
14-May-13,107.06,107.97,106.41,107.65,2712654
13-May-13,107.77,108.01,106.68,106.83,1981725
10-May-13,107.60,108.34,107.42,108.12,1506786
9-May-13,108.35,108.63,107.12,107.46,1570362
8-May-13,107.69,108.32,106.82,108.29,2552146
7-May-13,107.17,108.06,106.61,107.86,1554771
6-May-13,107.17,107.70,106.62,107.19,1261686
3-May-13,106.84,107.73,106.28,107.28,1751840
2-May-13,104.88,106.21,104.18,106.11,1873416
1-May-13,106.54,106.67,104.63,104.70,1874710
30-Apr-13,106.50,106.99,105.61,106.82,2090912
29-Apr-13,105.07,106.68,104.78,106.50,1741634
26-Apr-13,105.75,106.29,104.57,104.68,1408982
25-Apr-13,104.73,106.47,104.50,105.93,2671785
24-Apr-13,104.16,104.92,103.51,104.17,1680269
23-Apr-13,103.62,104.00,102.07,103.75,2169137
22-Apr-13,103.37,103.83,102.48,103.45,1740749
19-Apr-13,102.57,103.72,102.42,103.22,2144932
18-Apr-13,104.03,104.09,101.53,102.12,2710097
17-Apr-13,104.48,104.69,103.65,103.79,2948131
16-Apr-13,104.21,105.49,103.81,105.36,2405063
15-Apr-13,104.79,104.79,102.75,103.10,4148836
12-Apr-13,106.99,107.25,104.70,105.45,2347531
11-Apr-13,105.67,107.18,105.32,107.10,2834827
10-Apr-13,105.05,105.88,105.00,105.65,1708148
9-Apr-13,105.35,106.30,104.98,105.26,2200782
8-Apr-13,104.84,105.58,104.76,105.20,2760138
5-Apr-13,104.60,105.25,104.37,105.10,4175534
4-Apr-13,104.86,107.24,104.37,105.74,3273148
3-Apr-13,105.63,106.44,103.54,104.51,5296986
2-Apr-13,106.00,106.27,103.22,104.00,3457809
1-Apr-13,105.50,106.61,105.31,105.79,2585095
28-Mar-13,105.30,105.82,104.51,105.63,2774666
27-Mar-13,103.07,105.79,102.90,105.12,4315523
26-Mar-13,100.51,103.96,100.24,103.79,3815991
25-Mar-13,101.28,101.47,98.92,99.40,2892609
22-Mar-13,101.42,101.67,100.94,101.32,1704600
21-Mar-13,102.92,102.92,100.99,101.05,1967725
20-Mar-13,102.95,103.61,102.69,103.12,1804908
19-Mar-13,102.66,103.00,101.08,102.30,1999169
18-Mar-13,103.41,103.54,102.42,102.64,1565598
15-Mar-13,103.64,104.96,103.48,104.24,3369117
14-Mar-13,103.70,104.29,103.70,104.10,1601928
13-Mar-13,103.59,104.58,103.30,103.64,1774246
12-Mar-13,103.79,103.92,103.08,103.38,1859021
11-Mar-13,103.13,104.30,102.73,104.22,1592242
8-Mar-13,103.00,103.49,102.39,103.35,1649235
7-Mar-13,102.35,103.38,102.35,102.91,1457999
6-Mar-13,103.19,103.40,101.58,102.29,1888479
5-Mar-13,102.00,103.49,101.99,102.77,2077439
4-Mar-13,101.41,101.66,100.42,101.62,1839249
1-Mar-13,100.50,102.00,99.99,101.66,1933405
28-Feb-13,100.61,101.59,100.18,101.03,2167599
27-Feb-13,99.20,100.72,99.04,100.40,2549478
26-Feb-13,98.60,99.48,98.08,99.20,2190904
25-Feb-13,100.19,100.53,98.01,98.09,2561412
22-Feb-13,98.95,99.99,98.23,99.98,2620518
21-Feb-13,98.50,99.72,97.90,98.71,3415630
20-Feb-13,102.07,102.21,98.16,98.66,6324661
19-Feb-13,102.45,103.22,101.81,101.89,2856194
15-Feb-13,101.51,103.52,101.50,103.51,3077435
14-Feb-13,102.21,102.29,101.45,102.00,1994635
13-Feb-13,102.00,102.86,101.89,102.81,1764645
12-Feb-13,101.82,102.02,101.00,101.77,1533121
11-Feb-13,101.81,102.26,100.89,102.12,2161590
8-Feb-13,100.80,101.57,100.10,101.15,3069506
7-Feb-13,101.30,101.50,99.52,100.57,2818397
6-Feb-13,101.40,102.04,101.23,101.71,2079141
5-Feb-13,101.96,102.49,101.77,102.02,1675165
4-Feb-13,101.54,101.85,100.83,101.34,2352146
1-Feb-13,102.32,103.24,101.91,102.27,2001151
31-Jan-13,101.49,102.98,101.00,101.35,2594126
30-Jan-13,102.70,103.61,102.45,102.73,1716769
29-Jan-13,102.74,103.34,102.14,102.90,2059968
28-Jan-13,103.70,103.70,102.56,102.85,2228557
25-Jan-13,103.96,104.09,103.00,103.45,2204297
24-Jan-13,102.99,104.19,102.72,103.62,2820309
23-Jan-13,102.03,103.50,101.99,103.08,2388516
22-Jan-13,102.05,102.84,101.87,102.41,2501165
18-Jan-13,101.57,102.47,101.07,102.47,2766383
17-Jan-13,102.29,102.29,101.28,101.32,2720525
16-Jan-13,101.39,102.29,101.39,101.90,3190428
15-Jan-13,100.13,101.68,99.98,101.44,2812370
14-Jan-13,100.37,100.99,99.98,100.59,2873311
11-Jan-13,99.53,100.62,99.00,100.08,3073349
10-Jan-13,100.05,100.06,98.57,99.47,3633015
9-Jan-13,97.97,99.88,97.74,99.58,4864988
8-Jan-13,99.34,99.99,98.04,98.50,7415693
7-Jan-13,95.65,96.11,95.00,95.94,2307177
4-Jan-13,95.56,96.69,95.18,96.11,2164237
3-Jan-13,96.07,96.71,95.04,95.34,2262565
2-Jan-13,95.55,96.38,95.23,96.15,3169533
31-Dec-12,92.95,94.76,92.77,94.65,2326729
28-Dec-12,93.38,94.09,93.00,93.08,1513158
27-Dec-12,94.21,94.38,92.74,93.99,2810232
26-Dec-12,93.00,94.43,92.70,94.10,2255449
24-Dec-12,90.94,93.14,90.90,92.80,1053008
21-Dec-12,91.71,92.86,91.69,92.55,3700374
20-Dec-12,91.55,92.57,90.95,92.54,2505476
19-Dec-12,92.00,92.50,91.67,91.68,2039800
18-Dec-12,90.95,92.73,90.72,92.10,2954739
17-Dec-12,89.64,90.76,89.45,90.67,1979435
14-Dec-12,89.15,90.00,88.98,89.13,1818977
13-Dec-12,90.01,90.61,89.08,89.50,1993315
12-Dec-12,91.18,91.48,89.50,89.75,2676872
11-Dec-12,90.56,91.21,90.29,91.07,2150172
10-Dec-12,90.69,91.00,90.30,90.55,1576896
7-Dec-12,90.38,91.14,90.07,90.69,2267165
6-Dec-12,89.63,90.01,88.97,89.97,1757620
5-Dec-12,89.32,90.25,88.90,89.60,1995225
4-Dec-12,89.03,89.73,88.56,89.20,2739424
3-Dec-12,91.98,92.49,89.02,89.43,2894955
30-Nov-12,92.10,92.29,91.14,91.59,2255409
29-Nov-12,91.83,93.00,91.47,92.08,2449141
28-Nov-12,90.04,91.46,89.11,91.31,2393280
27-Nov-12,91.33,91.98,90.75,90.81,2563994
26-Nov-12,90.46,91.31,89.87,91.19,2638703
23-Nov-12,89.50,90.72,89.36,90.58,1132968
21-Nov-12,89.18,89.92,88.47,89.39,2094197
20-Nov-12,88.25,89.35,88.06,89.23,2787213
19-Nov-12,86.56,88.50,86.44,88.33,3505511
16-Nov-12,84.98,85.77,84.36,85.23,3101546
15-Nov-12,83.78,85.43,82.70,84.66,3786007
14-Nov-12,84.99,85.42,83.61,83.84,3058855
13-Nov-12,85.29,86.46,84.32,85.19,3085545
12-Nov-12,86.76,87.54,85.50,85.60,1140544
9-Nov-12,86.02,87.14,86.00,86.43,1437213
8-Nov-12,87.16,88.02,86.07,86.33,1356947
7-Nov-12,88.22,88.59,86.51,87.35,2303594
6-Nov-12,88.14,89.95,87.69,88.95,2638071
5-Nov-12,85.94,88.28,85.63,88.05,3431806
2-Nov-12,87.56,87.60,85.68,85.87,2019326
1-Nov-12,86.11,87.39,86.00,86.85,2149896
31-Oct-12,87.38,87.86,85.54,86.07,2248652
26-Oct-12,86.49,87.09,86.02,86.60,1745121
25-Oct-12,86.96,87.36,85.93,86.49,1731049
24-Oct-12,87.38,87.95,86.08,86.49,2080888
23-Oct-12,87.78,87.80,86.37,86.93,2670258
22-Oct-12,88.35,88.97,87.86,88.87,1784440
19-Oct-12,89.37,89.98,88.15,88.69,3736483
18-Oct-12,89.51,90.72,88.53,89.98,2407438
17-Oct-12,90.22,90.82,88.50,89.63,4484211
16-Oct-12,89.37,90.79,89.31,90.48,2108309
15-Oct-12,89.03,89.79,88.80,89.18,2507109
12-Oct-12,88.61,89.00,88.06,88.57,2074984
11-Oct-12,89.77,90.00,88.28,88.49,3168996
10-Oct-12,90.68,90.99,88.91,89.30,3501820
9-Oct-12,91.44,92.20,90.48,90.51,2918121
8-Oct-12,90.75,92.06,90.62,91.65,2330512
5-Oct-12,91.05,92.18,90.78,91.16,3458217
4-Oct-12,89.06,91.27,88.83,90.64,3880511
3-Oct-12,88.91,89.80,87.57,88.59,7142621
2-Oct-12,90.19,91.22,89.51,90.94,3961303
1-Oct-12,91.71,91.85,90.25,90.39,3291770
28-Sep-12,91.21,91.59,90.27,91.02,2885756
27-Sep-12,90.73,91.78,90.22,91.36,3311760
26-Sep-12,90.27,91.00,89.29,89.49,2512474
25-Sep-12,91.40,91.66,90.45,90.45,2936097
24-Sep-12,90.58,91.43,90.40,91.04,2500130
21-Sep-12,91.60,91.95,90.61,90.92,3718453
20-Sep-12,90.79,91.43,89.72,91.06,3540740
19-Sep-12,90.51,91.75,90.15,91.16,4830894
18-Sep-12,89.08,89.12,88.31,89.06,2084790
17-Sep-12,88.57,89.62,87.77,89.08,3091093
14-Sep-12,90.04,90.12,88.42,88.97,3406145
13-Sep-12,88.06,90.00,88.06,89.90,2615329
12-Sep-12,89.40,89.93,87.92,87.99,4281955
11-Sep-12,89.41,89.82,88.83,89.50,1984940
10-Sep-12,89.65,89.99,89.22,89.42,1901228
7-Sep-12,89.50,89.90,88.88,89.39,2371228
6-Sep-12,88.10,89.69,87.61,89.44,2949993
5-Sep-12,86.37,87.89,86.35,87.55,2309618
4-Sep-12,86.94,87.43,86.07,86.62,2236615
31-Aug-12,87.61,87.92,86.67,87.11,1876010
30-Aug-12,87.38,87.63,86.84,87.17,2258133
29-Aug-12,87.20,88.01,86.46,87.73,2438316
28-Aug-12,85.80,87.27,85.58,86.97,3202293
27-Aug-12,85.68,86.78,85.36,86.13,2383881
24-Aug-12,85.55,85.59,84.86,85.34,2491570
23-Aug-12,87.53,87.72,85.58,85.83,2599260
22-Aug-12,87.50,88.06,86.28,88.06,2887239
21-Aug-12,87.60,88.84,87.11,87.69,2555252
20-Aug-12,88.10,88.17,86.75,87.47,2077653
17-Aug-12,88.65,88.65,87.62,87.87,2537776
16-Aug-12,86.87,88.96,86.61,88.32,3211576
15-Aug-12,86.20,87.30,86.20,86.64,2984647
14-Aug-12,87.36,87.50,85.99,86.20,2385060
13-Aug-12,86.39,87.54,86.24,86.90,2939772
10-Aug-12,88.30,88.69,86.35,86.74,4904288
9-Aug-12,88.48,89.45,88.25,88.62,3627960
8-Aug-12,88.63,88.95,87.81,88.00,2262526
7-Aug-12,88.35,89.73,88.34,88.61,2385069
6-Aug-12,87.60,89.30,87.21,88.46,2871620
3-Aug-12,88.16,88.37,86.87,87.04,3138965
2-Aug-12,85.98,87.97,85.70,87.38,3580078
1-Aug-12,86.28,87.47,86.26,86.41,2691392
31-Jul-12,86.75,87.00,85.38,85.62,3539841
30-Jul-12,87.04,87.55,85.90,86.90,2847020
27-Jul-12,86.12,87.12,86.03,86.88,2532130
26-Jul-12,85.90,86.58,85.16,85.60,2560229
25-Jul-12,85.75,86.11,84.20,84.80,2019787
24-Jul-12,85.52,85.81,84.52,85.06,3270500
23-Jul-12,85.97,86.13,84.09,85.40,3943872
20-Jul-12,86.38,87.77,86.29,87.52,3432465
19-Jul-12,86.46,86.93,86.00,86.78,3260106
18-Jul-12,86.41,86.63,85.60,86.52,2989824
17-Jul-12,85.84,86.93,85.63,86.50,3460670
16-Jul-12,84.02,86.16,83.70,85.50,4842592
13-Jul-12,82.61,84.25,82.37,83.86,2710383
12-Jul-12,82.30,83.50,81.72,82.66,3200048
11-Jul-12,82.80,83.48,81.73,82.77,3888886
10-Jul-12,82.96,83.49,81.49,81.88,2459871
9-Jul-12,82.12,83.16,81.77,82.74,3224959
6-Jul-12,82.16,82.30,81.50,82.09,1679553
5-Jul-12,82.01,83.60,82.01,83.04,1919892
3-Jul-12,83.33,84.02,83.01,83.58,1912397
2-Jul-12,82.98,83.87,82.41,83.48,4556524
29-Jun-12,81.50,82.80,81.05,82.78,4148883
28-Jun-12,80.30,80.67,79.21,80.25,3980815
27-Jun-12,78.85,81.41,78.75,80.89,5742620
26-Jun-12,78.30,79.09,76.89,77.87,4261745
25-Jun-12,77.86,78.65,77.24,77.88,3501778
22-Jun-12,78.12,78.73,77.07,78.45,2036662
21-Jun-12,79.74,79.79,77.67,77.78,2309198
20-Jun-12,79.74,80.53,79.18,79.69,2810819
19-Jun-12,79.70,81.19,79.70,80.45,2776751
18-Jun-12,78.88,79.99,78.72,79.67,2103349
15-Jun-12,79.17,79.52,78.53,78.70,3169152
14-Jun-12,77.79,78.89,77.59,78.69,2564946
13-Jun-12,79.08,79.44,77.47,77.78,3206902
12-Jun-12,78.75,79.78,78.37,79.70,2464174
11-Jun-12,79.80,80.10,78.39,78.56,2232033
8-Jun-12,78.57,79.40,77.85,79.40,2140410
7-Jun-12,79.85,80.32,78.45,78.61,3527365
6-Jun-12,77.60,79.21,77.54,79.20,3409853
5-Jun-12,75.58,77.40,75.58,76.86,2421301
4-Jun-12,76.05,76.95,74.77,76.06,3936768
1-Jun-12,75.35,76.45,75.04,76.17,4158791
31-May-12,76.89,77.81,75.40,77.20,4666064
30-May-12,76.11,77.35,75.84,76.41,9273842
29-May-12,73.75,75.01,73.65,74.75,3447732
25-May-12,73.78,74.09,73.17,73.56,3277742
24-May-12,72.52,73.99,72.48,73.94,3743585
23-May-12,70.43,72.10,69.87,71.82,2105666
22-May-12,72.05,72.62,70.81,71.30,2997244
21-May-12,70.15,72.20,70.04,72.10,2367746
18-May-12,70.35,71.36,69.70,69.89,3207875
17-May-12,71.56,71.64,70.02,70.14,2970299
16-May-12,72.24,72.37,71.13,71.42,3948753
15-May-12,71.58,73.05,71.51,72.08,4391807
14-May-12,71.66,71.97,70.66,71.50,3172299
11-May-12,71.26,72.68,71.08,72.45,4819582
10-May-12,72.80,72.82,71.41,71.71,4100203
9-May-12,72.89,73.25,71.66,71.90,3956154
8-May-12,72.64,74.18,72.44,74.00,4825074
7-May-12,73.38,73.43,72.71,72.83,2485275
4-May-12,74.67,74.87,73.35,73.60,2853847
3-May-12,75.78,76.37,75.05,75.16,2837754
2-May-12,76.14,76.25,75.51,75.63,2458204
1-May-12,76.07,76.93,75.92,76.33,2215444
30-Apr-12,77.58,78.00,75.90,76.18,2849079
27-Apr-12,77.29,78.26,77.01,77.84,2566128
26-Apr-12,76.73,77.15,76.43,76.93,1790468
25-Apr-12,76.49,77.69,76.49,77.51,2571272
24-Apr-12,75.75,76.15,74.98,75.57,2251198
23-Apr-12,76.40,76.40,75.15,75.74,1934167
20-Apr-12,76.95,77.97,76.81,77.16,2115987
19-Apr-12,76.83,77.44,76.16,76.79,1811654
18-Apr-12,77.02,77.23,76.35,76.76,2558064
17-Apr-12,77.30,78.13,76.71,77.60,1926636
16-Apr-12,77.51,77.91,76.52,76.87,2673552
13-Apr-12,78.23,78.95,76.99,77.07,2365982
12-Apr-12,76.06,78.74,76.06,78.34,4709076
11-Apr-12,75.61,76.41,74.51,76.12,4971461
10-Apr-12,75.84,76.24,74.15,74.42,5286326
9-Apr-12,77.51,77.94,76.49,76.59,4307591
5-Apr-12,80.49,81.78,78.56,79.02,5258081
4-Apr-12,82.48,83.27,79.90,80.58,8727847
3-Apr-12,81.32,81.99,80.73,81.80,4493393
2-Apr-12,80.10,82.10,80.00,81.48,5359281
30-Mar-12,79.56,80.39,79.44,79.76,3071510
29-Mar-12,78.38,79.16,77.99,78.91,2455970
28-Mar-12,79.75,80.00,78.06,79.15,3043820
27-Mar-12,80.28,80.38,79.40,79.82,3146891
26-Mar-12,79.08,80.12,78.70,80.05,3949996
23-Mar-12,78.36,78.73,77.02,78.44,2420086
22-Mar-12,78.26,79.23,78.06,78.37,2138549
21-Mar-12,79.11,79.36,78.32,79.16,1868812
20-Mar-12,79.90,80.00,78.92,79.09,2914518
19-Mar-12,79.01,80.39,78.41,79.97,3372954
16-Mar-12,78.78,80.12,78.68,78.81,5279477
15-Mar-12,78.59,79.53,78.59,79.30,3104924
14-Mar-12,78.88,79.53,78.13,78.49,4224950
13-Mar-12,79.53,79.70,78.71,79.33,3298889
12-Mar-12,79.45,79.74,78.78,78.84,1506122
9-Mar-12,79.81,80.15,78.97,79.29,1783119
8-Mar-12,78.46,80.02,78.46,79.75,2605257
7-Mar-12,78.49,78.51,77.23,77.66,3148042
6-Mar-12,78.83,78.91,77.34,77.62,4155105
5-Mar-12,80.45,80.50,78.68,80.00,3720399
2-Mar-12,80.29,82.14,79.64,80.73,4071813
1-Mar-12,77.82,80.80,77.62,80.15,4581767
29-Feb-12,79.27,79.37,77.17,77.38,4039238
28-Feb-12,79.05,79.56,78.50,79.01,2510112
27-Feb-12,79.04,79.86,78.59,78.84,2574717
24-Feb-12,77.80,79.64,77.58,79.52,2669081
23-Feb-12,79.11,79.62,77.14,77.78,4946693
22-Feb-12,78.93,80.07,78.69,79.75,2672290
21-Feb-12,79.90,79.90,78.93,79.38,2261598
17-Feb-12,79.36,79.53,78.56,79.34,2308819
16-Feb-12,77.42,79.34,77.03,79.01,3101304
15-Feb-12,77.04,78.25,76.94,77.80,2411960
14-Feb-12,77.91,78.17,76.33,76.94,2512766
13-Feb-12,77.96,78.40,77.57,77.93,1750163
10-Feb-12,77.46,77.95,76.99,77.34,2574470
9-Feb-12,79.24,79.34,77.26,78.33,4325393
8-Feb-12,80.04,80.45,78.19,79.14,3193617
7-Feb-12,79.53,80.27,79.50,79.80,3042604
6-Feb-12,81.33,81.49,78.87,79.65,5884306
3-Feb-12,82.77,82.89,82.02,82.15,3157506
2-Feb-12,83.62,83.69,81.97,82.13,3084498
1-Feb-12,82.69,83.94,81.94,83.41,4254125
31-Jan-12,82.42,82.95,81.22,82.05,8487466
30-Jan-12,79.71,82.66,79.08,82.29,4790402
27-Jan-12,80.92,81.54,79.65,80.53,2990652
26-Jan-12,81.26,81.80,80.59,81.15,2936773
25-Jan-12,79.53,81.41,79.17,81.32,3117603
24-Jan-12,79.01,80.23,78.80,80.11,2482291
23-Jan-12,80.12,81.17,79.80,79.89,4365585
20-Jan-12,80.26,80.72,79.04,80.05,4183241
19-Jan-12,81.02,81.11,79.42,80.35,4013967
18-Jan-12,80.44,80.99,80.01,80.98,4672552
17-Jan-12,79.97,81.43,79.74,80.64,4540323
13-Jan-12,79.76,80.65,79.01,79.59,5233110
12-Jan-12,79.37,81.00,79.28,80.27,7638947
11-Jan-12,78.99,79.97,78.86,79.85,5448865
10-Jan-12,78.97,79.70,78.59,79.20,5319799
9-Jan-12,77.49,79.14,77.47,78.50,5532198
6-Jan-12,76.87,78.00,76.82,77.51,6383942
5-Jan-12,74.26,77.25,74.10,76.68,10379566
4-Jan-12,71.53,72.80,71.29,72.67,3935382
3-Jan-12,71.62,72.38,71.57,71.94,4196163
30-Dec-11,70.30,70.69,70.07,70.07,1482312
29-Dec-11,69.40,70.75,69.24,70.45,1726782
28-Dec-11,71.12,71.22,69.27,69.64,2072163
27-Dec-11,70.69,71.50,70.45,70.98,1162022
23-Dec-11,70.66,71.25,70.22,70.98,1485267
22-Dec-11,70.61,71.06,70.25,70.63,1951554
21-Dec-11,70.34,70.98,69.94,70.72,3154268
20-Dec-11,68.55,70.66,68.43,70.29,3435002
19-Dec-11,68.63,69.29,67.27,67.45,1927735
16-Dec-11,69.00,69.21,67.62,68.14,4122371
15-Dec-11,68.23,68.95,67.72,68.41,2953642
14-Dec-11,67.79,68.36,67.09,67.72,3268346
13-Dec-11,69.55,70.65,67.64,68.05,4287007
12-Dec-11,70.83,70.83,68.26,69.04,3809183
9-Dec-11,69.99,71.73,69.31,71.23,3390609
8-Dec-11,71.54,71.85,69.70,69.89,3575881
7-Dec-11,72.03,72.45,70.03,71.73,5903306
6-Dec-11,70.52,72.90,70.27,72.32,3876292
5-Dec-11,70.81,71.65,69.81,70.36,3849723
2-Dec-11,72.79,73.29,69.49,70.42,7142605
1-Dec-11,73.56,74.33,72.82,73.20,2395129
30-Nov-11,72.56,73.51,71.91,73.45,4258320
29-Nov-11,69.94,70.88,69.92,70.15,3223122
28-Nov-11,68.60,70.38,68.59,69.49,3659995
25-Nov-11,67.60,68.70,67.50,67.71,1108745
23-Nov-11,68.88,68.88,67.60,67.97,3528493
22-Nov-11,70.77,70.84,69.10,69.38,3290015
21-Nov-11,70.00,71.11,69.11,70.69,3564728
18-Nov-11,71.19,72.00,70.60,71.39,3453228
17-Nov-11,72.61,72.63,69.68,70.49,5459400
16-Nov-11,73.93,74.13,72.32,72.62,3767137
15-Nov-11,74.21,75.11,73.87,74.59,2443919
14-Nov-11,74.78,75.28,73.65,74.39,3039100
11-Nov-11,74.68,75.50,74.17,75.10,3339880
10-Nov-11,72.49,73.98,71.53,73.51,4429735
9-Nov-11,72.47,73.69,71.78,71.93,4497511
8-Nov-11,73.29,74.80,73.18,74.69,3930293
7-Nov-11,72.75,73.43,71.54,72.92,2748086
4-Nov-11,72.40,72.70,70.80,72.50,3468636
3-Nov-11,73.23,73.35,71.46,73.12,3073254
2-Nov-11,72.69,72.95,71.02,72.21,3260482
1-Nov-11,70.92,72.48,70.25,71.20,5383955
31-Oct-11,75.50,75.51,72.68,72.75,5265123
28-Oct-11,77.70,78.10,76.35,76.43,4153598
27-Oct-11,75.50,78.71,74.90,77.97,6546963
26-Oct-11,73.71,74.71,72.37,74.22,3574829
25-Oct-11,74.24,74.79,72.88,72.96,3296231
24-Oct-11,74.51,75.34,74.27,74.79,4489881
21-Oct-11,74.34,74.99,73.94,74.83,5207657
20-Oct-11,72.15,74.22,71.94,73.67,3518427
19-Oct-11,74.28,74.32,72.19,72.52,4787777
18-Oct-11,72.45,74.88,71.66,74.53,4039060
17-Oct-11,73.71,74.60,72.32,72.53,4067538
14-Oct-11,72.93,74.50,72.35,74.40,5276965
13-Oct-11,72.97,73.50,71.72,73.18,5225396
12-Oct-11,72.69,74.90,72.10,73.64,6967997
11-Oct-11,72.01,74.21,71.76,73.66,5856502
10-Oct-11,71.47,73.79,71.11,73.76,5214296
7-Oct-11,70.44,71.86,69.87,70.93,6842375
6-Oct-11,67.50,71.68,67.39,71.29,12635519
5-Oct-11,64.52,66.50,63.75,66.25,9752005
4-Oct-11,59.15,63.26,59.15,63.25,9112426
3-Oct-11,59.27,61.38,58.89,60.11,8529892
30-Sep-11,61.73,61.89,59.99,60.04,7676899
29-Sep-11,64.12,64.53,61.87,63.15,5372225
28-Sep-11,66.07,66.07,62.68,62.88,4343007
27-Sep-11,66.21,67.35,65.53,66.01,3860244
26-Sep-11,64.07,65.00,62.51,64.95,3910993
23-Sep-11,63.76,64.56,62.27,63.64,4837071
22-Sep-11,63.67,64.85,62.40,64.32,6991824
21-Sep-11,67.59,68.53,65.80,65.86,3958599
20-Sep-11,69.35,69.68,67.65,67.71,3412700
19-Sep-11,68.71,69.55,68.30,69.28,3393590
16-Sep-11,70.67,70.88,69.50,69.77,5219352
15-Sep-11,69.99,70.46,69.45,70.35,5369172
14-Sep-11,67.56,70.20,67.12,69.47,6388771
13-Sep-11,66.25,68.00,66.25,67.40,5902610
12-Sep-11,65.70,66.98,64.20,65.87,6529608
9-Sep-11,66.42,66.42,64.37,65.01,5094466
8-Sep-11,67.56,68.63,67.14,67.36,3489273
7-Sep-11,65.86,67.91,65.22,67.89,4759801
6-Sep-11,64.16,64.98,62.92,64.86,8222177
2-Sep-11,67.70,68.21,65.03,65.80,6683852
1-Sep-11,69.03,70.30,68.69,68.93,3816333
31-Aug-11,69.80,70.10,68.12,68.93,7360051
30-Aug-11,69.13,71.05,69.13,69.47,6342828
29-Aug-11,69.25,71.14,67.36,69.78,10886485
26-Aug-11,69.10,70.79,67.00,70.68,5161012
25-Aug-11,70.94,71.17,69.30,69.66,4370186
24-Aug-11,68.74,70.86,68.37,70.77,4717819
23-Aug-11,65.55,69.12,65.51,69.12,4532164
22-Aug-11,67.35,67.57,65.13,65.28,3823729
19-Aug-11,65.67,68.09,65.28,66.00,5115887
18-Aug-11,67.84,68.45,65.78,66.49,4949557
17-Aug-11,69.65,70.49,69.54,70.20,3889073
16-Aug-11,68.92,69.48,68.17,69.00,4496873
15-Aug-11,70.42,70.62,68.67,69.86,3575001
12-Aug-11,70.16,70.39,68.87,69.85,4489950
11-Aug-11,66.58,70.08,66.48,69.21,6684668
10-Aug-11,66.80,68.46,65.24,65.81,7647149
9-Aug-11,64.18,67.45,63.03,67.29,7290995
8-Aug-11,65.29,67.05,63.03,63.44,8729680
5-Aug-11,67.01,68.72,65.83,67.15,6573516
4-Aug-11,70.11,70.11,65.85,66.00,6643982
3-Aug-11,71.13,71.95,69.62,70.91,4464314
2-Aug-11,72.11,73.37,71.01,71.04,4400643
1-Aug-11,74.37,74.50,71.75,72.35,4105973
29-Jul-11,73.48,74.56,72.61,73.48,3926689
28-Jul-11,74.06,75.27,73.96,74.52,3334824
27-Jul-11,74.30,74.90,73.76,73.90,3594963
26-Jul-11,76.40,76.41,74.77,74.91,3460599
25-Jul-11,74.21,77.09,73.65,76.42,4175050
22-Jul-11,74.94,75.79,74.94,75.41,2621930
21-Jul-11,75.43,75.77,74.65,75.74,3081044
20-Jul-11,75.16,75.74,74.64,75.21,5411840
19-Jul-11,73.41,74.16,73.18,73.85,3381768
18-Jul-11,73.87,73.88,72.65,73.21,3497256
15-Jul-11,74.54,74.54,73.70,74.06,4678968
14-Jul-11,74.37,75.15,74.23,74.45,5632134
13-Jul-11,74.08,75.28,74.08,74.39,3945627
12-Jul-11,74.19,75.00,73.70,74.14,5127047
11-Jul-11,74.83,75.50,73.75,74.31,5306924
8-Jul-11,73.69,75.37,73.66,75.17,5528320
7-Jul-11,74.99,75.15,74.23,74.75,4118524
6-Jul-11,73.65,75.40,73.16,74.79,7832727
5-Jul-11,72.35,74.15,72.35,73.77,6121489
1-Jul-11,72.47,73.25,72.00,72.65,5504402
30-Jun-11,70.41,72.86,69.61,72.54,10069039
29-Jun-11,69.66,70.51,69.00,70.26,10163806
28-Jun-11,66.09,67.25,66.03,66.90,4609795
27-Jun-11,65.62,66.14,64.93,65.72,3583825
24-Jun-11,66.72,67.10,65.83,65.96,3020667
23-Jun-11,65.75,66.58,64.65,66.57,4145784
22-Jun-11,67.23,67.52,66.69,66.76,3138190
21-Jun-11,66.95,67.58,66.55,67.40,3371502
20-Jun-11,65.99,66.77,65.50,66.46,3769785
17-Jun-11,66.83,67.06,65.61,65.85,5119270
16-Jun-11,67.56,68.23,65.43,66.27,5427960
15-Jun-11,68.77,69.01,67.03,67.57,3589539
14-Jun-11,69.40,69.91,68.40,69.48,3566908
13-Jun-11,68.80,69.75,68.22,68.70,3038513
10-Jun-11,69.17,69.90,68.45,68.77,3596000
9-Jun-11,68.13,69.98,68.01,69.51,4822270
8-Jun-11,67.34,68.25,67.08,67.62,3276065
7-Jun-11,67.93,68.12,66.90,67.49,3973017
6-Jun-11,68.65,69.15,67.52,67.56,3475504
3-Jun-11,68.00,69.03,67.83,68.79,3542055
2-Jun-11,69.25,70.05,68.38,69.04,3430914
1-Jun-11,70.87,71.15,69.06,69.14,4216288
31-May-11,70.18,71.27,70.00,71.04,5370005
27-May-11,69.59,70.30,69.21,69.64,4172928
26-May-11,68.60,69.69,68.30,69.42,4947537
25-May-11,68.08,69.29,67.59,68.88,4199901
24-May-11,67.46,68.85,67.22,68.10,5266586
23-May-11,65.18,67.71,65.12,67.33,6631048
20-May-11,66.39,67.10,65.18,66.33,5354017
19-May-11,66.03,67.75,66.03,66.59,6839743
18-May-11,63.20,65.68,63.08,65.62,4924540
17-May-11,63.10,63.41,62.30,63.17,4254804
16-May-11,63.70,64.70,63.24,63.37,3445080
13-May-11,64.04,65.14,63.58,63.79,4577031
12-May-11,64.40,64.61,63.29,64.01,4659575
11-May-11,66.14,66.20,64.47,64.73,3143216
10-May-11,66.65,66.67,65.97,66.45,2957815
9-May-11,65.27,66.59,65.06,66.34,3046964
6-May-11,65.43,65.94,64.71,65.27,3291080
5-May-11,64.77,66.48,64.14,64.79,5399403
4-May-11,66.66,66.87,64.78,65.16,4908989
3-May-11,66.76,67.55,66.35,66.66,3622096
2-May-11,68.25,68.50,66.92,66.98,2688656
29-Apr-11,67.67,68.14,67.16,68.04,3559352
28-Apr-11,67.72,68.15,67.05,67.42,3114519
27-Apr-11,67.10,68.07,66.55,67.90,2973695
26-Apr-11,66.12,67.25,65.75,66.97,3746717
25-Apr-11,67.29,67.40,65.92,65.99,4230835
21-Apr-11,67.76,68.00,67.46,67.52,2391743
20-Apr-11,67.55,68.06,67.28,67.53,3630658
19-Apr-11,65.85,67.25,65.85,66.85,3794822
18-Apr-11,66.59,66.85,65.81,66.18,4670094
15-Apr-11,68.08,68.08,67.12,67.33,4308647
14-Apr-11,67.62,68.61,67.58,67.64,3544429
13-Apr-11,69.46,69.75,67.57,68.15,5240214
12-Apr-11,66.60,69.82,66.53,69.25,10659103
11-Apr-11,67.22,68.02,66.83,67.17,8191459
8-Apr-11,67.92,68.09,66.16,66.22,8718852
7-Apr-11,69.46,69.85,67.95,67.97,9377823
6-Apr-11,72.92,73.79,68.80,69.16,16596014
5-Apr-11,74.13,74.25,72.76,73.60,6394567
4-Apr-11,73.63,74.46,73.30,74.05,3515644
1-Apr-11,72.50,73.75,72.49,73.17,2858489
31-Mar-11,70.65,72.80,70.65,72.26,3936820
30-Mar-11,70.90,71.40,70.00,70.79,2454519
29-Mar-11,70.36,70.50,69.03,70.50,2836805
28-Mar-11,71.04,71.30,70.02,70.25,2902339
25-Mar-11,70.81,71.84,70.52,70.76,2732494
24-Mar-11,70.40,70.64,69.78,70.52,2286238
23-Mar-11,68.74,70.13,68.19,70.02,3066058
22-Mar-11,68.91,69.31,68.45,68.95,2769803
21-Mar-11,68.96,69.70,68.60,68.98,3706493
18-Mar-11,67.90,68.80,67.71,67.84,3918841
17-Mar-11,67.44,68.31,66.78,67.20,2751921
16-Mar-11,68.35,68.35,65.73,66.43,4364246
15-Mar-11,64.88,68.41,64.29,67.81,4752618
14-Mar-11,67.09,67.97,66.41,67.06,2633907
11-Mar-11,65.86,68.04,65.62,67.51,4095243
10-Mar-11,68.88,68.88,66.92,67.09,5739736
9-Mar-11,70.90,70.95,69.21,69.40,5608320
8-Mar-11,71.83,72.60,71.30,71.79,2438465
7-Mar-11,73.39,74.43,70.73,71.65,3807678
4-Mar-11,72.14,73.21,71.86,73.06,4082002
3-Mar-11,70.35,72.11,70.15,71.96,2775989
2-Mar-11,70.00,70.77,69.19,70.09,4157781
1-Mar-11,72.22,72.30,69.85,70.04,3685846
28-Feb-11,72.41,72.61,71.42,71.89,3633850
25-Feb-11,71.20,72.46,70.93,72.21,2824820
24-Feb-11,70.67,71.74,69.67,70.54,3924389
23-Feb-11,70.67,71.30,69.25,70.91,6048277
22-Feb-11,71.09,73.24,71.01,71.26,4000699
18-Feb-11,74.45,74.46,72.03,72.39,5191289
17-Feb-11,72.62,74.56,72.05,74.15,4461563
16-Feb-11,72.23,74.10,72.14,72.99,5569460
15-Feb-11,74.79,74.98,70.69,71.54,8516781
14-Feb-11,74.87,75.88,74.77,75.13,3931145
11-Feb-11,74.49,75.55,74.11,75.05,3814493
10-Feb-11,74.28,75.50,73.74,74.97,3871488
9-Feb-11,75.28,75.99,74.31,75.23,4265791
8-Feb-11,75.28,75.50,74.15,74.70,3730196
7-Feb-11,75.05,75.80,75.04,75.55,3996578
4-Feb-11,75.12,75.22,73.92,74.66,3642281
3-Feb-11,76.00,76.10,73.76,74.83,3220846
2-Feb-11,76.36,76.69,74.51,75.44,4161037
1-Feb-11,74.43,76.06,74.29,76.05,5388866
31-Jan-11,71.39,73.38,71.21,73.38,3637440
28-Jan-11,73.56,74.56,71.53,71.54,4168946
27-Jan-11,73.85,74.66,72.30,73.68,4547028
26-Jan-11,72.28,73.85,72.13,73.54,5394178
25-Jan-11,71.06,72.21,70.48,72.18,4262044
24-Jan-11,71.26,71.61,70.37,71.12,4506647
21-Jan-11,70.33,71.20,69.71,70.11,4555823
20-Jan-11,71.16,71.32,68.50,69.67,8868869
19-Jan-11,74.38,74.38,70.65,71.19,6969143
18-Jan-11,74.27,74.88,73.67,74.63,4645667
14-Jan-11,74.79,74.90,73.73,74.33,5246006
13-Jan-11,74.68,75.00,73.73,74.78,5369242
12-Jan-11,73.23,75.34,73.23,74.92,8569342
11-Jan-11,71.92,72.75,71.69,72.52,6011711
10-Jan-11,71.28,71.50,70.60,71.37,4789247
7-Jan-11,71.11,71.80,70.90,71.79,6466610
6-Jan-11,68.65,72.65,68.58,70.79,18944836
5-Jan-11,69.14,69.39,68.30,69.13,5869724
4-Jan-11,69.53,70.27,68.25,69.07,9436696
3-Jan-11,69.99,69.99,68.68,68.86,5137668
31-Dec-10,69.47,69.82,69.14,69.64,2330487
30-Dec-10,69.10,69.78,68.59,69.72,5969816
29-Dec-10,67.52,69.36,67.50,68.92,5493487
28-Dec-10,66.64,67.39,66.55,67.11,2737588
27-Dec-10,66.14,66.87,66.10,66.71,2173208
23-Dec-10,66.30,66.98,66.01,66.60,3859927
22-Dec-10,66.37,66.87,66.09,66.45,2996767
21-Dec-10,65.50,66.88,65.39,66.30,5566601
20-Dec-10,64.52,65.28,64.40,65.18,4331157
17-Dec-10,63.26,65.41,63.10,64.60,11363288
16-Dec-10,60.55,63.04,59.93,63.00,6841482
15-Dec-10,60.43,61.50,60.28,60.52,3681537
14-Dec-10,60.79,61.35,60.50,60.66,3892683
13-Dec-10,61.76,62.00,60.80,61.01,4877053
10-Dec-10,61.08,61.41,60.55,60.95,3277554
9-Dec-10,61.49,61.67,60.50,61.00,4668408
8-Dec-10,62.08,62.37,60.85,61.27,3704214
7-Dec-10,63.01,63.16,61.70,61.83,4458154
6-Dec-10,62.53,63.56,62.35,62.50,3783273
3-Dec-10,61.55,63.00,61.45,62.82,3956226
2-Dec-10,61.67,62.94,61.34,62.35,4896361
1-Dec-10,61.31,61.95,60.83,61.73,4857681
30-Nov-10,58.76,60.46,58.50,59.92,6041852
29-Nov-10,59.21,59.61,58.48,59.36,3955814
26-Nov-10,59.29,59.89,59.11,59.53,914004
24-Nov-10,59.90,60.18,59.35,60.14,4087503
23-Nov-10,58.77,59.98,57.56,59.31,7020059
22-Nov-10,61.13,62.47,59.68,59.90,8110405
19-Nov-10,59.63,59.95,58.83,59.45,4380670
18-Nov-10,60.08,60.57,59.33,59.63,4233813
17-Nov-10,59.56,60.13,59.15,59.25,4313551
16-Nov-10,60.25,60.75,58.44,59.33,7002753
15-Nov-10,61.26,62.39,60.59,60.79,5912069
12-Nov-10,63.16,63.49,61.04,62.15,6300866
11-Nov-10,62.16,63.74,61.82,63.66,5389893
10-Nov-10,62.80,63.00,61.27,62.62,5121283
9-Nov-10,62.58,64.00,62.44,62.77,6996919
8-Nov-10,62.24,63.32,61.50,62.30,5258898
5-Nov-10,62.22,62.52,61.61,62.27,5589848
4-Nov-10,60.12,63.22,59.86,62.82,9731154
3-Nov-10,59.01,59.84,58.78,59.54,3634210
2-Nov-10,59.33,59.97,58.82,59.11,3908866
1-Nov-10,59.76,60.02,58.69,58.91,3573950
29-Oct-10,58.88,60.10,58.67,59.42,6765381
28-Oct-10,60.54,60.54,58.25,58.69,5568873
27-Oct-10,58.39,60.42,58.13,60.25,9401463
26-Oct-10,58.58,59.26,57.81,58.98,3528982
25-Oct-10,57.76,60.12,57.76,58.71,10556386
22-Oct-10,57.77,58.00,56.67,57.15,3911904
21-Oct-10,58.35,58.70,57.30,57.90,4703187
20-Oct-10,57.55,58.17,56.75,57.80,4968333
19-Oct-10,55.94,57.81,55.71,57.30,10273977
18-Oct-10,56.43,56.90,56.11,56.78,8384616
15-Oct-10,54.52,56.80,53.95,56.78,12202417
14-Oct-10,54.89,55.61,53.66,54.12,6872987
13-Oct-10,53.18,54.85,52.25,54.69,14216003
12-Oct-10,50.36,52.78,50.18,52.25,11739266
11-Oct-10,52.30,53.00,51.10,51.23,9577265
8-Oct-10,49.88,52.19,49.58,50.87,15846791
7-Oct-10,48.60,48.86,47.60,48.83,6842790
6-Oct-10,49.66,51.27,48.28,48.65,19583417
5-Oct-10,48.25,48.91,47.07,48.80,9871076
4-Oct-10,48.15,48.15,47.50,47.77,7028337
1-Oct-10,48.12,48.48,47.79,48.26,6197326
30-Sep-10,48.31,48.90,47.17,47.93,15593217
29-Sep-10,49.25,49.62,47.97,48.00,20776393
28-Sep-10,52.50,52.64,47.50,48.75,37266215
27-Sep-10,55.63,55.84,52.93,53.07,7467004
24-Sep-10,54.06,55.44,53.87,55.38,5256618
23-Sep-10,53.54,54.24,53.20,53.73,3579868
22-Sep-10,54.02,54.71,53.60,54.22,6068764
21-Sep-10,54.67,54.76,53.57,54.34,8510072
20-Sep-10,56.60,56.87,55.16,55.54,7733725
17-Sep-10,57.01,57.55,55.96,56.23,6260423
16-Sep-10,57.09,57.50,56.77,57.27,3662970
15-Sep-10,57.82,58.08,57.33,57.46,3125009
14-Sep-10,57.65,58.78,57.16,57.99,5271339
13-Sep-10,57.96,59.43,57.80,57.85,6737927
