"num","ema_5","ema_20","ema_60","roc_5","roc_20","roc_60","force_5","force_20","force_60","mfm","acdl","target"
0,574.595,586.510,607.925,4.076,-7.724,19.925,-2840785.211,-6146204.480,-978337.191,-0.351,6390240.501,587.140
1,578.777,586.570,607.243,4.038,-6.031,22.211,7026269.066,-3012244.280,-68871.132,-0.674,4335099.232,590.540
2,582.698,586.948,606.696,3.274,-5.192,22.865,6675588.844,-2156389.739,129263.279,0.552,5304204.965,591.500
3,585.632,587.381,606.197,3.229,-4.162,22.958,5048463.603,-1780141.848,183851.799,-0.240,4855424.454,592.210
4,587.825,587.841,605.739,2.395,-1.837,20.822,3769187.705,-1495305.871,217516.851,0.038,4919942.546,594.620
5,590.090,588.487,605.374,1.274,-0.143,16.987,4443556.877,-801248.624,400296.470,-0.881,2802431.918,594.910
6,591.696,589.099,605.031,0.740,1.917,15.863,3121219.041,-679554.148,402796.368,-0.164,2533741.668,590.300
7,591.231,589.213,604.548,-0.203,1.157,14.399,-1250881.943,-1566747.459,61882.261,-0.685,1048720.435,591.710
8,591.391,589.451,604.127,-0.084,-0.813,15.235,-83415.895,-1203103.301,133673.538,0.277,1491347.733,590.800
9,591.194,589.579,603.690,-0.642,-0.005,12.045,-992706.757,-1356263.794,37117.406,0.280,2356864.985,595.060
10,592.483,590.101,603.407,0.025,0.650,12.189,2140946.056,-426309.940,311580.825,0.388,3123252.126,603.070
11,596.012,591.336,603.396,2.163,3.441,14.398,6451404.330,1049750.139,795539.515,0.535,4130352.746,605.490
12,599.171,592.684,603.465,2.329,1.768,14.744,5275332.280,1228172.809,865298.488,0.188,4357651.213,604.230
13,600.857,593.784,603.490,2.273,2.412,14.919,3050187.547,977860.930,791023.064,0.108,4478007.022,602.380
14,601.365,594.603,603.454,1.230,3.482,14.604,1288446.098,671870.670,691807.987,0.346,4895770.910,598.920
15,600.550,595.014,603.305,-0.688,7.776,14.659,-369042.988,257023.829,548338.179,-0.689,4161713.941,601.000
16,600.700,595.584,603.229,-0.742,6.494,11.662,461048.621,434567.449,599908.463,0.192,4357496.580,598.860
17,600.087,595.896,603.086,-0.889,4.729,12.073,-398462.606,191514.829,510813.593,-0.254,4106359.778,593.970
18,598.048,595.713,602.787,-1.396,3.660,12.068,-2778219.907,-544604.155,246926.770,-0.393,3500872.752,604.350
19,600.149,596.535,602.838,0.907,4.494,12.678,6335202.955,1846505.638,1044143.882,0.728,5222988.689,602.120
20,600.806,597.067,602.815,0.186,2.551,11.744,2866514.380,1282946.742,876438.746,-0.340,4602439.524,609.070
21,603.560,598.210,603.020,1.705,3.138,12.501,7777330.837,2836853.124,1424718.254,0.755,6513924.543,613.500
22,606.874,599.666,603.364,3.288,3.719,12.921,8224127.118,3435030.891,1676947.809,-0.177,6150428.066,616.440
23,610.062,601.264,603.792,2.000,4.091,13.959,7541996.012,3696240.692,1824514.563,0.554,7314924.987,614.210
24,611.445,602.497,604.134,2.008,3.295,2.122,3852736.051,3008428.829,1649094.942,0.654,8349680.248,616.010
25,612.967,603.784,604.523,1.139,3.547,-0.275,3433085.301,2968938.826,1680068.347,-0.298,7920734.090,616.870
26,614.268,605.030,604.928,0.549,4.501,1.487,2756763.627,2819908.489,1671020.870,-0.083,7785270.063,616.690
27,615.075,606.141,605.314,0.041,4.222,1.433,1757805.598,2528478.113,1608360.826,-0.082,7676327.023,624.180
28,618.110,607.859,605.932,1.623,5.650,1.992,7089789.305,3978504.647,2137718.069,0.975,9987314.406,639.630
29,625.283,610.884,607.037,3.834,7.490,4.424,23369850.654,8926263.571,3901398.570,0.718,12585445.746,631.750
30,627.439,612.872,607.847,2.412,4.756,2.474,6616208.689,5515088.446,2891809.264,-0.686,10245395.689,626.770
31,627.216,614.195,608.468,1.635,3.515,1.321,-4695510.987,2388037.133,1901292.556,-0.355,8298189.258,611.830
32,622.087,613.970,608.578,-1.979,1.258,-0.753,-47474038.518,-10509022.935,-2522720.104,-0.969,-330563.673,611.080
33,618.418,613.695,608.660,-4.464,1.444,-1.212,-32800608.262,-9837091.965,-2553245.601,0.750,3121139.229,619.910
34,618.915,614.287,609.029,-1.874,3.505,1.012,-11130840.001,-5832731.157,-1413509.794,0.890,6367207.743,616.500
35,618.110,614.497,609.274,-1.639,2.579,0.244,-9741344.621,-5940314.271,-1595439.107,-0.662,5016427.102,616.790
36,617.670,614.716,609.520,0.811,2.994,0.193,-6299018.471,-5318795.405,-1523928.519,0.098,5213673.460,600.990
37,612.110,613.409,609.241,-1.651,1.182,-3.094,-26498212.180,-11183348.185,-3667294.784,-0.881,1485320.515,600.360
38,608.193,612.166,608.949,-3.154,-0.660,-3.830,-18255589.277,-10286871.546,-3605099.659,0.078,1705841.624,611.040
39,609.142,612.059,609.018,-0.886,1.481,-2.246,-2395124.131,-6514235.574,-2525397.829,0.547,3208698.778,612.000
40,610.095,612.053,609.116,-0.777,0.481,-2.357,-1033307.821,-5732848.871,-2387177.415,0.313,3759419.504,610.150
41,610.113,611.872,609.150,1.524,-0.546,-2.348,-1612314.181,-5450703.922,-2399739.693,0.511,4525045.309,610.980
42,610.402,611.787,609.210,1.769,-0.886,-1.910,-645349.737,-4808867.439,-2278811.206,0.810,5781835.071,614.300
43,611.701,612.026,609.377,0.534,0.015,-0.468,1563998.989,-3781099.450,-2007942.103,0.109,5978133.219,618.380
44,613.928,612.631,609.672,1.042,0.385,2.501,3349840.712,-2761801.964,-1715172.718,0.512,6846239.516,616.500
45,614.785,613.000,609.896,1.041,-0.060,3.532,1078033.568,-2828828.512,-1772563.144,0.170,7159953.544,616.440
46,615.337,613.327,610.110,0.894,-0.041,5.605,671966.706,-2572765.513,-1719041.959,0.643,8662304.881,624.500
47,618.391,614.391,610.582,1.660,0.051,7.017,7415552.270,-337004.664,-977344.735,0.917,11039579.047,628.150
48,621.644,615.702,611.158,1.580,-1.795,5.295,7537474.247,436168.942,-690175.458,0.690,12509679.689,624.150
49,622.479,616.506,611.584,1.241,-1.203,5.640,2234830.831,-402557.243,-941987.935,-0.700,11045748.007,624.220
50,623.060,617.241,611.998,1.262,-0.407,5.582,1529249.691,-352972.038,-907231.366,-0.036,10984403.898,625.260
51,623.793,618.005,612.433,0.122,2.195,7.247,1532280.461,-172846.891,-827048.633,0.429,11618942.384,630.080
52,625.889,619.155,613.012,0.307,3.109,5.901,6191476.407,1320745.032,-291412.012,0.686,13825444.098,610.210
53,620.662,618.303,612.920,-2.233,-1.565,3.425,-19995906.715,-5697485.253,-2654666.469,-0.716,11219015.529,611.320
54,617.548,617.638,612.867,-2.067,-0.840,5.018,-12260609.617,-4849154.793,-2462382.828,0.368,12283875.279,608.820
55,614.639,616.798,612.735,-2.629,-1.292,9.557,-10434538.911,-5033273.146,-2604022.654,0.273,13023353.030,610.040
56,613.106,616.154,612.646,-3.181,1.506,8.096,-6169112.794,-4328986.233,-2441210.782,-0.793,11488022.134,613.400
57,613.204,615.892,612.671,0.523,2.172,7.272,-1554285.543,-3185714.310,-2109519.643,0.271,12107594.398,600.760
58,609.056,614.451,612.280,-1.727,-1.682,4.845,-15039519.695,-6883264.185,-3417731.720,-0.853,9271210.111,600.790
59,606.301,613.150,611.904,-1.319,-1.832,3.878,-10006077.133,-6221923.978,-3303681.238,0.036,9344337.203,609.560
60,607.387,612.808,611.827,-0.079,-0.097,3.819,-972162.106,-4001200.937,-2634850.117,0.405,10134283.436,600.620
61,605.131,611.647,611.459,-2.083,-1.696,1.707,-9622503.230,-6184247.084,-3431188.981,-0.904,7410861.627,591.660
62,600.641,609.744,610.810,-1.515,-3.685,0.027,-16754059.647,-8549287.598,-4335647.457,-0.442,5882221.180,592.310
63,597.864,608.083,610.204,-1.411,-4.216,0.017,-10673689.381,-7593445.812,-4144739.305,-0.458,4835374.810,591.770
64,595.833,606.530,609.599,-2.918,-4.011,-0.479,-7502971.301,-6980882.891,-4046929.333,0.374,5640768.700,580.300
65,590.655,604.032,608.639,-3.383,-5.863,-2.456,-16958350.924,-9732142.632,-5090279.524,-0.763,3255016.375,576.710
66,586.007,601.430,607.592,-2.527,-7.653,-2.302,-14930750.479,-9841038.533,-5279960.510,0.013,3295892.851,569.990
67,580.668,598.435,606.359,-3.768,-9.259,-3.671,-16257124.213,-10704736.928,-5726842.843,-0.616,1561479.631,569.560
68,576.965,595.685,605.153,-3.753,-8.746,-3.595,-11412330.752,-9849309.014,-5595560.909,0.814,4823449.193,557.100
69,570.343,592.011,603.577,-3.998,-10.753,-6.379,-23393844.341,-13421457.824,-6964784.207,-0.371,3412812.162,561.360
70,567.349,589.091,602.193,-2.662,-10.220,-6.916,-11478283.888,-10966763.077,-6331419.577,-0.806,1075207.181,561.060
71,565.253,586.422,600.844,-1.567,-10.954,-7.338,-7982474.258,-10016676.593,-6156319.099,-0.680,-1170730.819,576.500
72,569.002,585.477,600.046,1.218,-5.524,-4.589,10232472.681,-4618672.483,-4424558.913,0.388,1132.569,577.320
73,571.775,584.700,599.301,3.630,-5.562,-4.160,7337479.021,-4031418.752,-4228753.975,0.432,815542.763,582.160
74,575.236,584.458,598.739,3.705,-4.379,-2.798,7821730.600,-2810308.989,-3801901.918,0.944,2530905.316,586.890
75,579.121,584.690,598.350,4.604,-3.795,-2.348,8522299.047,-1597571.376,-3351890.841,0.687,3972581.543,579.740
76,579.327,584.218,597.740,0.562,-5.487,-3.193,-1133601.819,-3392603.012,-3912333.881,-0.870,1485900.319,575.360
77,578.005,583.375,597.006,-0.339,-4.228,-3.133,-3995343.146,-3995100.420,-4102710.665,-0.874,-452408.222,581.730
78,579.247,583.218,596.506,-0.074,-3.172,-3.743,744680.923,-2640830.946,-3632958.543,0.964,1094886.967,581.840
79,580.111,583.087,596.025,-0.860,-4.548,-3.368,548611.365,-2374421.118,-3508714.910,-0.488,400996.723,586.760
80,582.327,583.437,595.721,1.211,-2.308,-3.663,3697212.310,-1196436.802,-3065989.366,0.564,1546419.418,591.800
81,585.485,584.233,595.592,2.857,0.024,-3.537,6855095.087,171877.240,-2533633.628,-0.054,1404173.213,587.680
82,586.217,584.561,595.333,1.023,-0.782,-4.665,1748114.711,-650763.072,-2728132.395,-0.213,966377.151,569.090
83,580.508,583.088,594.473,-2.191,-3.833,-7.346,-36313188.969,-11296956.716,-6325104.983,-0.569,-2472788.006,574.180
84,578.398,582.240,593.807,-2.144,-1.055,-6.790,-19681432.763,-8927524.681,-5672410.405,0.726,-534854.766,580.000
85,578.932,582.026,593.355,-1.994,0.570,-5.977,-8208923.675,-6673846.664,-5003279.097,0.802,1494650.777,578.160
86,578.675,581.658,592.856,-1.620,1.433,-6.248,-6639532.130,-6371646.890,-4954015.816,-0.971,-352217.749,577.370
87,578.240,581.250,592.349,1.455,1.371,-7.499,-4915728.680,-5904644.499,-4839724.209,0.714,974156.855,570.610
88,575.697,580.236,591.636,-0.622,2.425,-10.791,-7977078.507,-6685133.419,-5143332.535,-0.423,92350.485,576.280
89,575.891,579.860,591.132,-0.641,2.658,-8.780,-1402641.398,-4929765.206,-4589576.294,0.549,1229099.829,578.510
90,576.764,579.731,590.719,0.061,3.110,-7.700,3120747.225,-3301451.903,-4040163.154,0.744,5289766.608,530.700
91,561.409,575.061,588.751,-8.083,-7.944,-13.260,-221829875.693,-66961420.439,-25931669.986,-0.918,-7614037.555,526.840
92,549.886,570.469,586.721,-7.671,-8.744,-13.785,-154372784.976,-62437342.639,-25719438.299,0.811,-3527612.061,521.530
93,540.434,565.808,584.583,-9.501,-10.415,-15.870,-107668339.134,-57848971.669,-25343700.894,-0.874,-5873969.215,525.730
94,535.533,561.991,582.654,-9.123,-10.421,-14.723,-67496068.756,-51115881.795,-24091498.504,0.599,-4042980.265,525.100
95,532.055,558.478,580.767,-1.055,-9.425,-14.866,-45516300.931,-46395965.937,-23352654.792,-0.080,-4240161.304,525.050
96,529.720,555.294,578.940,-0.340,-8.744,-12.636,-30371366.170,-41985064.100,-22589666.000,0.218,-3884123.835,532.820
97,530.753,553.154,577.428,2.165,-8.408,-11.250,-11103346.757,-35373849.227,-20949588.687,0.244,-3020962.176,537.760
98,533.089,551.688,576.127,2.288,-7.576,-11.993,-3618454.638,-30923832.196,-19890542.186,0.814,-1150911.538,537.970
99,534.716,550.381,574.876,2.451,-8.315,-12.096,-2269686.632,-27937957.760,-19224365.413,0.505,-122370.613,544.100
100,537.844,549.783,573.867,3.628,-8.060,-10.825,7127043.149,-22808580.572,-17744205.802,1.000,4106096.387,538.560
101,538.083,548.714,572.710,1.077,-8.358,-11.853,810627.139,-21762259.078,-17550041.838,-0.666,2685926.867,533.890
102,536.685,547.302,571.437,-0.720,-6.185,-13.090,-2699898.767,-20615467.792,-17293350.321,-0.312,2036906.218,535.790
103,536.387,546.206,570.268,-0.405,-6.686,-13.356,-459194.345,-18269021.860,-16594479.343,-0.074,1881143.643,534.270
104,535.681,545.069,569.088,-1.807,-7.884,-13.338,-1317970.257,-16818212.357,-16149923.367,-0.301,1281018.830,535.300
105,535.554,544.139,567.980,-0.605,-7.413,-13.163,-172689.644,-15014775.791,-15550979.271,-0.962,-696586.814,537.680
106,536.263,543.524,566.987,0.710,-6.874,-13.902,1429825.977,-13143382.171,-14889148.566,0.781,823928.427,542.660
107,538.395,543.441,566.189,1.282,-4.898,-13.610,4341866.618,-10923445.974,-14067669.993,0.486,1816459.523,535.450
108,537.413,542.680,565.181,0.221,-7.085,-14.211,-2726518.505,-11489145.286,-14159329.625,-0.643,312558.154,535.050
109,536.626,541.954,564.193,-0.047,-7.512,-14.285,-2010772.736,-10450110.611,-13714082.136,0.373,852932.408,529.550
110,534.267,540.772,563.057,-1.512,-0.217,-15.307,-5204523.658,-10558864.410,-13644506.508,-0.854,-947919.509,518.420
111,528.985,538.644,561.594,-4.467,-1.598,-17.722,-14438497.778,-12687205.516,-14276045.508,-0.628,-2805625.473,530.460
112,529.476,537.864,560.573,-0.932,1.712,-13.069,3637895.801,-7689311.375,-12503365.887,0.906,188970.054,529.810
113,529.588,537.097,559.564,-0.979,0.776,-13.333,2001833.717,-7077976.049,-12135068.331,0.775,1704285.793,531.250
114,530.142,536.540,558.636,0.321,1.171,-12.741,2520701.092,-6064984.441,-11620527.211,-0.551,341899.963,524.030
115,528.105,535.349,557.502,1.082,-0.194,-14.099,-3900286.959,-7081868.119,-11788452.976,-0.797,-1505870.170,518.390
116,524.866,533.734,556.219,-2.275,-2.708,-15.489,-6835150.746,-7617392.900,-11818499.709,0.512,-352246.467,518.260
117,522.664,532.260,554.975,-2.180,-3.626,-13.733,-4638603.811,-6915308.808,-11439057.422,-0.962,-2169273.562,519.670
118,521.666,531.061,553.817,-2.180,-3.402,-13.502,-2480666.050,-6081926.115,-11003835.556,-0.123,-2329611.526,518.130
119,520.487,529.829,552.647,-1.126,-4.773,-14.999,-2741520.947,-5813478.937,-10750045.234,-0.121,-2585555.860,520.900
120,520.625,528.979,551.606,0.484,-3.279,-13.273,-215267.325,-4799124.760,-10238986.705,0.676,-1405454.191,529.020
121,523.423,528.983,550.866,2.076,-0.912,-10.587,7131624.104,-2263455.072,-9187695.109,0.989,1253345.884,525.600
122,524.149,528.661,550.037,1.141,-1.902,-11.263,1383239.989,-3011081.088,-9218050.294,-0.926,-1486442.116,528.060
123,525.453,528.603,549.317,1.917,-1.162,-10.766,2729786.033,-2207846.878,-8738019.854,0.427,-544911.492,523.080
124,524.662,528.077,548.456,0.419,-2.283,-9.860,-1082589.565,-2826846.295,-8737013.982,-0.482,-1387612.849,521.060
125,523.461,527.409,547.558,-1.505,-3.091,-9.650,-2029398.963,-2931243.578,-8579178.040,-0.522,-2400987.697,519.030
126,521.984,526.611,546.623,-1.250,-4.354,-8.941,-2643680.399,-3020862.596,-8424852.310,-0.986,-4281439.832,519.170
127,521.046,525.902,545.723,-1.684,-3.040,-8.847,-1685262.406,-2711106.770,-8141035.068,0.242,-3881548.249,516.730
128,519.607,525.029,544.772,-1.214,-3.424,-7.246,-2497298.217,-2845417.538,-8009242.765,-0.500,-4726091.249,509.500
129,516.238,523.550,543.616,-2.219,-3.786,-9.238,-7546410.228,-4254866.749,-8325157.240,-0.943,-7028052.804,504.730
130,512.402,521.758,542.341,-2.755,-2.641,-10.040,-8890200.872,-4952287.264,-8431800.680,-0.362,-7907651.219,508.370
131,511.058,520.483,541.227,-2.080,-4.164,-11.818,-3085827.901,-3668934.378,-7875908.263,-0.611,-9337626.696,502.950
132,508.355,518.813,539.972,-2.667,-5.070,-12.882,-5802982.408,-4389730.287,-7986117.547,-0.395,-10157303.836,500.370
133,505.694,517.056,538.674,-1.792,-5.813,-14.049,-6239860.698,-4649148.096,-7957510.981,-0.354,-11134118.579,485.020
134,498.802,514.005,536.914,-3.905,-7.444,-17.358,-31030317.499,-11883632.191,-10339600.165,-0.980,-16280105.866,484.580
135,494.062,511.203,535.199,-4.680,-6.522,-16.414,-21131078.719,-10878772.093,-10044288.722,0.529,-14679253.823,493.000
136,493.708,509.469,533.815,-1.978,-4.874,-14.315,-6325950.500,-7625145.614,-8951547.914,0.796,-12478377.948,487.000
137,491.472,507.329,532.280,-2.672,-6.287,-16.284,-9033244.333,-8274925.270,-9131753.949,-0.904,-14654978.973,480.220
138,487.721,504.747,530.573,-0.990,-7.317,-17.465,-16875365.409,-10587752.154,-9899880.297,0.422,-12629911.864,474.880
139,483.441,501.903,528.747,-2.002,-8.835,-19.067,-18025968.466,-11515316.195,-10241758.798,-0.519,-14604609.648,482.800
140,483.227,500.084,527.241,-2.069,-8.737,-18.418,-2923481.191,-7820381.952,-9011488.236,0.243,-13766725.945,493.650
141,486.701,499.471,526.139,1.366,-6.079,-16.000,7878812.340,-4267640.871,-7749360.772,0.580,-12190699.409,497.570
142,490.324,499.290,525.203,3.613,-5.774,-12.567,8313957.026,-2986508.750,-7194160.537,0.319,-11443465.711,506.380
143,495.676,499.965,524.586,6.633,-3.193,-11.808,12674362.384,-664443.811,-6256805.336,0.888,-9287399.773,521.030
144,504.127,501.971,524.469,7.918,-0.006,-10.167,26208510.023,4472818.009,-4304883.676,0.980,-5724473.489,532.440
145,513.565,504.873,524.730,7.858,2.584,-7.908,32105098.319,8227623.428,-2724452.247,0.414,-4132203.472,535.360
146,520.830,507.777,525.079,7.595,3.118,-7.276,24027195.052,8193696.294,-2377047.631,-0.152,-4541237.334,546.600
147,529.420,511.474,525.784,7.943,5.781,-4.208,30763736.168,11626374.590,-848724.155,0.449,-2775508.794,531.990
148,530.277,513.428,525.988,2.104,4.414,-7.686,-2721570.454,3881749.991,-3105886.763,-0.091,-3207489.507,527.280
149,529.278,514.747,526.030,-0.969,4.468,-8.856,-6273174.023,2238118.452,-3442624.284,-0.660,-5082754.041,534.010
150,530.855,516.582,526.292,-0.252,5.044,0.624,2192387.438,3846251.015,-2702751.017,0.194,-4532233.684,538.260
151,533.323,518.646,526.684,-1.526,7.021,2.168,5415183.875,4609539.180,-2225258.303,-0.527,-6001841.816,528.940
152,531.862,519.627,526.758,-0.573,5.710,1.421,-17047377.816,-1731607.523,-4184184.300,-0.711,-10726537.200,597.620
153,553.782,527.055,529.082,13.340,23.216,13.674,303097518.936,88279718.188,26883733.626,0.565,-2966672.527,594.940
154,567.501,533.520,531.241,11.410,22.774,13.300,198072504.957,78731409.504,25609594.064,-0.415,-4821067.378,602.550
155,579.184,540.094,533.579,11.944,22.221,14.760,139576696.558,73384140.004,25510429.661,0.534,-3234988.663,595.350
156,584.573,545.357,535.604,12.555,22.248,11.736,87701475.839,64866701.375,24147826.538,-1.000,-5464011.663,606.990
157,592.045,551.226,537.945,1.568,26.398,12.874,71930668.559,62535496.863,24680325.799,0.848,-2522665.507,618.230
158,600.773,557.608,540.577,3.915,30.187,14.919,61185589.466,60360252.522,25172624.339,0.833,419966.350,618.980
159,606.842,563.453,543.148,2.727,28.206,13.762,41573380.977,54835367.901,24424307.607,-0.036,306398.389,622.520
160,612.068,569.078,545.750,4.564,26.106,15.590,30480763.918,50403002.367,23895495.220,0.031,379343.759,607.220
161,610.452,572.711,547.765,0.038,22.037,13.735,252570.279,39869019.571,21138140.721,-0.695,-2355647.686,610.940
162,610.615,576.352,549.837,-1.179,20.649,14.026,4023682.786,37173485.116,20824297.018,0.223,-1661007.200,603.690
163,608.306,578.955,551.602,-2.470,15.865,12.993,-7317955.559,30775892.986,19157886.223,-1.000,-5799108.200,606.770
164,607.794,581.604,553.411,-2.530,13.960,13.351,-804503.386,29008893.746,18930493.263,-0.070,-6076306.465,594.140
165,603.243,582.798,554.746,-2.154,10.980,10.501,-21561660.781,20238906.192,16241756.580,0.384,-4159530.272,601.170
166,602.552,584.548,556.269,-1.599,9.984,10.782,-5409058.087,20872929.154,16591080.866,0.811,-1056533.571,577.520
167,594.208,583.879,556.965,-4.335,8.558,7.857,-42363910.991,7811353.349,12234861.270,-0.995,-5949970.099,579.040
168,589.152,583.418,557.689,-4.570,9.816,8.222,-25237678.794,7925965.944,12129285.019,0.217,-4662143.584,546.020
169,574.775,579.856,557.307,-8.099,2.249,3.110,-99349814.870,-16407372.433,3614420.362,-0.865,-11143928.911,573.410
170,574.320,579.242,557.834,-4.618,6.530,10.607,-7157773.163,2033930.680,9306613.473,0.929,-5135630.697,549.010
171,565.883,576.363,557.545,-4.937,3.794,3.497,-48477917.709,-10647225.271,4702521.005,-0.844,-9669994.914,562.130
172,564.632,575.007,557.695,-2.920,-5.939,6.100,-11186144.712,-3595356.076,6626943.309,0.366,-7902146.499,563.770
173,564.345,573.937,557.895,3.251,-5.239,6.121,-5732490.928,-2760101.531,6579332.599,-0.333,-8951855.743,557.230
174,561.973,572.346,557.873,-2.822,-7.521,6.336,-19397804.219,-6947561.462,4831537.077,0.181,-7661677.897,539.000
175,554.315,569.170,557.254,-1.823,-9.465,3.976,-55106992.709,-18335924.150,524753.249,-0.214,-9147585.043,533.150
176,547.260,565.740,556.464,-5.155,-12.165,2.873,-44692242.089,-18862287.645,-274836.722,-0.632,-11723859.359,504.880
177,533.134,559.944,554.773,-10.446,-18.335,-2.846,-89080485.846,-34004638.666,-6097201.857,-0.640,-15751366.251,490.920
178,519.062,553.370,552.679,-11.900,-20.689,-5.252,-84568904.084,-37960934.084,-8374203.126,-0.995,-21135905.590,498.170
179,512.098,548.113,550.892,-7.575,-19.975,-4.364,-44520263.139,-30957319.529,-6933179.458,-0.416,-23178266.316,518.820
180,514.339,545.323,549.840,-2.688,-14.558,-1.928,247339.557,-19458284.816,-3762172.100,0.768,-19838126.678,523.290
181,517.323,543.225,548.970,3.646,-14.347,-0.439,5526306.398,-16073282.445,-3111470.062,-0.051,-20021280.288,520.040
182,518.228,541.017,548.021,5.932,-13.856,-1.519,112132.515,-15563085.569,-3360805.970,-0.817,-22713696.236,526.860
183,521.106,539.668,547.327,5.759,-13.170,0.723,8252637.470,-11744349.098,-2446233.729,0.585,-20608511.939,539.080
184,527.097,539.612,547.057,3.905,-9.267,3.458,15025643.420,-7904729.630,-1429253.760,0.874,-18564157.797,540.700
185,531.631,539.716,546.849,3.327,-10.059,4.175,11631790.653,-6690556.796,-1223570.518,0.624,-16698366.532,540.960
186,534.741,539.834,546.656,4.023,-6.331,4.197,7987954.236,-5986667.444,-1160493.406,-0.037,-16797734.319,532.500
187,533.994,539.136,546.191,1.070,-8.037,3.052,-1486708.916,-7362797.709,-1792478.383,-0.797,-18722940.532,524.840
188,530.943,537.774,545.491,-2.642,-3.879,3.011,-7124307.224,-8413912.578,-2336971.021,0.143,-18378839.737,522.180
189,528.022,536.289,544.727,-3.425,-8.934,3.457,-7157704.423,-8300635.078,-2497217.834,0.905,-15919839.353,534.030
190,530.025,536.074,544.376,-1.281,-2.729,5.048,6124449.801,-4396883.332,-1343579.274,0.553,-14395210.267,534.960
191,531.670,535.968,544.068,0.462,-4.833,6.364,4821084.284,-3767241.753,-1226925.749,-0.150,-14752364.017,524.850
192,529.396,534.909,543.438,0.002,-6.904,4.892,-7802706.340,-6556103.261,-2270314.662,-0.456,-16243603.516,530.120
193,529.638,534.453,543.001,1.521,-4.865,9.299,-510676.837,-4591390.363,-1734455.749,0.742,-14262405.224,529.520
194,529.598,533.983,542.559,-0.845,-1.759,9.274,-811281.225,-4288637.947,-1723899.495,0.168,-13867051.789,532.070
195,530.422,533.801,542.215,-0.540,-0.203,7.925,1749674.000,-3225759.624,-1442080.349,0.123,-13535354.356,542.560
196,534.468,534.635,542.226,3.374,7.463,11.409,11523460.610,40601.657,-376076.606,0.536,-11949195.444,546.680
197,538.539,535.782,542.372,3.124,11.358,13.839,12536736.900,1423714.783,113738.676,0.914,-8720127.060,546.670
198,541.249,536.819,542.513,3.239,9.736,15.118,8349587.300,1285769.385,109199.313,0.555,-7348378.341,546.620
199,543.039,537.753,542.648,2.735,5.358,13.219,5520073.567,1150081.453,101063.142,-0.502,-8742300.745,539.200
200,541.760,537.890,542.535,-0.619,3.040,9.227,-2543198.942,-737520.967,-514373.157,-0.958,-11152430.453,520.660
201,534.726,536.249,541.818,-4.760,0.119,4.641,-28891087.441,-8437458.441,-3172487.625,-0.099,-11587129.746,525.510
202,531.654,535.227,541.283,-3.871,-0.256,3.778,-14768218.461,-6350317.685,-2626585.752,0.847,-9232550.300,531.890
203,531.733,534.909,540.975,-2.695,-1.334,2.084,-4243341.334,-4144914.770,-1989438.255,0.894,-6876731.276,539.340
204,534.269,535.331,540.921,0.026,-0.252,1.296,4648236.194,-1613838.006,-1188755.320,-0.402,-8086575.685,528.840
205,532.459,534.713,540.525,1.571,-2.240,-1.218,-4823086.371,-3723542.148,-1928984.047,-0.860,-10033767.971,527.500
206,530.806,534.026,540.098,0.379,-0.939,-3.494,-4514021.094,-3739956.281,-1993472.785,-0.096,-10311667.441,515.040
207,525.551,532.218,539.277,-3.168,-1.867,-3.186,-14326798.623,-6617327.462,-3041304.945,-0.863,-12662679.541,495.520
208,515.540,528.723,537.842,-8.125,-5.106,-6.023,-38661134.335,-14304230.157,-5804862.349,-0.939,-16862847.393,501.900
209,510.994,526.168,536.664,-5.094,-6.017,-6.013,-16929006.423,-10414755.913,-4744530.816,0.865,-13264580.808,504.700
210,508.896,524.123,535.616,-4.322,-5.656,-6.235,-7053569.082,-8213607.198,-4172667.327,0.771,-9769986.499,514.710
211,510.834,523.227,534.930,-0.064,-1.932,-2.690,6724446.022,-4166551.633,-2911908.522,0.918,-6627359.376,515.120
212,512.263,522.455,534.281,3.955,-2.830,-13.805,4873290.438,-3658215.357,-2778043.348,-0.055,-6784161.956,537.170
213,520.565,523.856,534.375,7.027,1.445,-9.710,20322197.342,1568282.406,-1007615.332,0.958,-4558928.318,543.180
214,528.103,525.697,534.664,7.624,2.088,-9.853,19265198.151,3052369.774,-412244.345,0.457,-3253977.816,548.500
215,534.902,527.868,535.118,6.565,1.095,-7.869,18479196.794,4371876.851,155606.095,-0.270,-4111450.065,558.990
216,542.931,530.832,535.900,8.516,2.252,-7.908,32206798.156,9637602.949,2106635.432,0.998,1565702.168,591.680
217,559.181,536.627,537.729,10.148,8.233,-4.295,114444195.764,35283449.428,11182450.368,-0.317,-1136529.089,582.410
218,566.924,540.988,539.194,7.222,6.548,-5.908,63910477.329,28384362.859,9597551.683,-0.362,-2588560.399,590.510
219,574.786,545.704,540.877,7.659,9.516,-5.142,52873715.986,28614441.949,10292720.260,0.730,185553.887,580.700
220,576.757,549.037,542.182,3.884,11.532,-4.367,25662144.911,23150114.407,9012270.506,-0.769,-2070382.524,583.670
221,579.062,552.335,543.543,-1.354,11.067,-4.464,20453374.917,21901135.409,9045829.995,-0.113,-2452238.935,590.490
222,582.871,555.969,545.082,1.387,11.017,-2.187,21351806.298,22019948.138,9508218.162,0.253,-1593862.656,596.420
223,587.387,559.822,546.765,1.001,10.583,-1.706,21009657.412,21858558.757,9862878.538,0.473,27034.208,583.160
224,585.978,562.044,547.958,0.424,10.272,-1.848,2777671.375,16568572.142,8435036.596,-0.949,-2383774.915,586.310
225,586.089,564.355,549.216,0.452,11.149,-2.472,4869155.416,15852719.891,8455268.953,0.553,-794285.874,598.670
226,590.283,567.623,550.837,1.385,16.238,3.662,18822678.251,18793386.941,9710169.116,0.143,-255331.887,600.140
227,593.568,570.720,552.454,0.624,21.113,3.644,13777444.197,17354681.146,9512687.377,0.463,906828.152,592.640
228,593.259,572.808,553.771,1.626,18.079,8.538,2790617.798,13874898.656,8571844.021,-0.758,-1032205.145,578.650
229,588.389,573.364,554.587,-1.306,14.652,0.914,-12713432.805,8389524.116,6857307.036,-0.566,-2801724.213,584.820
230,587.200,574.455,555.578,-2.313,13.621,6.523,-4111582.926,8837390.089,7061727.029,0.160,-2461312.609,597.500
231,590.633,576.650,556.953,-0.440,15.992,6.292,8543066.916,11219768.804,7940108.655,1.000,208432.391,596.140
232,592.469,578.506,558.238,0.591,10.978,5.742,4410006.131,9783970.305,7553347.209,0.015,251098.833,608.330
233,597.756,581.347,559.880,5.129,11.994,9.170,16588200.330,12751648.250,8648142.013,0.946,3427308.413,612.340
234,602.617,584.298,561.600,4.706,11.639,13.607,15108075.497,12694141.353,8762885.745,0.623,5314695.593,600.950
235,602.061,585.884,562.890,0.577,7.506,12.717,-4017615.062,7459556.826,7089709.288,-0.573,3187665.649,595.080
236,599.734,586.760,563.945,-0.178,0.575,17.866,-8291302.085,5145439.402,6305172.061,-0.511,1722467.411,608.350
237,602.606,588.816,565.401,0.003,4.454,23.920,12065477.410,9681972.449,7828905.318,0.446,3494423.912,613.000
238,606.071,591.119,566.962,0.108,3.809,23.050,12986496.207,10172121.149,8058401.334,0.014,3537768.619,616.560
239,609.567,593.542,568.588,2.598,6.175,18.839,11833137.858,10110625.912,8106533.132,0.599,5140520.985,611.470
240,610.201,595.250,569.994,2.754,4.763,16.851,3459983.505,7882344.854,7405127.940,-0.776,3114074.743,600.870
241,607.091,595.785,571.006,-1.230,1.758,15.543,-10036945.397,3604902.182,5948212.165,-0.473,1463065.732,594.880
242,603.021,595.699,571.789,-2.956,-0.258,12.910,-13255574.204,1386070.372,5107522.199,-0.790,-1133387.925,580.940
243,595.660,594.293,572.089,-5.777,-0.381,7.765,-22784790.816,-2731005.286,3568153.469,0.079,-897425.150,580.000
244,590.440,592.932,572.349,-5.147,-1.076,7.268,-15943608.631,-2686266.141,3377025.675,-0.022,-949344.121,570.110
245,583.664,590.758,572.275,-5.119,-4.771,5.389,-18297072.934,-4621288.560,2512073.963,-1.000,-3275330.121,563.000
246,576.776,588.115,571.971,-5.359,-6.189,5.728,-15900796.793,-5239093.888,2065506.144,-0.742,-4434408.452,588.190
247,580.580,588.122,572.503,1.248,-0.751,12.070,13153361.715,2046693.980,4334233.114,0.898,-1894767.623,582.930
248,581.364,587.627,572.845,0.505,0.740,11.634,5555715.830,933715.892,3876075.440,-0.646,-3077953.533,599.390
249,587.372,588.748,573.715,5.136,2.491,12.239,22343548.000,6170429.840,5582407.798,0.968,209440.432,613.770
250,596.172,591.131,575.028,9.018,2.723,14.732,32253763.113,10542216.840,7106728.635,0.738,2880676.563,620.360
251,604.234,593.915,576.515,5.469,4.063,18.198,30478011.859,12102625.650,7756557.511,0.059,3123511.692,625.650
252,611.373,596.937,578.126,7.328,2.847,18.020,25957860.419,12561190.592,8056918.168,-0.316,2113608.745,623.770
253,615.505,599.492,579.622,4.067,1.867,17.799,15847289.000,10948329.218,7649351.872,-0.158,1747140.515,623.390
254,618.134,601.768,581.057,1.567,3.734,17.163,10278848.533,9823913.826,7370421.241,0.399,2649137.817,616.050
255,617.439,603.129,582.204,-0.695,3.524,13.545,945333.689,7200522.414,6547728.872,-0.877,532811.891,627.420
256,620.766,605.442,583.687,0.283,3.135,14.769,11122848.829,9512651.623,7365110.847,0.718,2520103.649,625.390
257,622.307,607.342,585.054,0.260,2.021,14.400,5936557.546,8184206.228,6978188.360,0.732,4119145.845,625.630
258,623.415,609.084,586.385,0.359,1.471,14.454,4279996.071,7496841.170,6781096.057,-0.594,1724295.393,618.070
259,621.633,609.939,587.423,0.328,1.079,14.627,-6986971.926,3971341.257,5590866.418,-0.057,1503139.777,619.540
260,620.936,610.854,588.476,-1.256,3.107,18.991,-3477186.634,3930488.180,5523703.058,-0.680,-135150.967,625.960
261,622.610,612.292,589.705,0.091,5.225,19.115,7225809.057,6282994.110,6281345.596,0.144,506830.391,621.830
262,622.350,613.201,590.759,-0.607,7.039,16.910,1865372.515,4841232.712,5785055.557,-0.569,-714096.051,630.370
263,625.023,614.836,592.057,1.990,8.684,16.878,8041945.463,6322552.583,6264073.125,0.236,-149616.197,625.820
264,625.289,615.882,593.164,1.014,9.772,18.338,1572430.075,4637871.318,5686018.245,0.067,17445.424,629.700
265,626.759,617.198,594.362,0.597,11.847,19.374,3407528.477,4870238.362,5731647.984,0.140,272518.085,633.140
266,628.886,618.716,595.634,1.819,7.642,22.930,3938621.358,4882673.482,5707685.988,0.252,639477.289,640.250
267,632.674,620.767,597.097,1.567,9.833,29.208,6439200.812,5507215.028,5895642.504,0.321,1156074.448,639.700
268,635.016,622.570,598.493,2.218,6.725,27.456,3902826.708,4871297.264,5663984.668,-0.536,15439.521,642.400
269,637.477,624.459,599.933,2.017,4.665,27.284,4019919.972,4812517.191,5617759.154,0.846,1348635.290,645.900
270,640.285,626.501,601.440,2.015,4.117,25.488,4759948.815,4948468.554,5638160.707,0.637,2484549.674,665.410
271,648.660,630.206,603.537,3.930,6.355,29.176,27091583.710,11310981.406,7805921.126,0.653,4885174.198,668.280
272,655.200,633.833,605.660,4.468,7.136,24.408,20801298.323,11016671.515,7819521.337,0.591,6577618.316,659.010
273,656.470,636.230,607.409,2.586,5.714,21.324,3722206.285,7068800.152,6565242.677,-0.282,5652871.047,650.020
274,654.320,637.544,608.806,0.638,5.514,18.509,-1828101.403,5164274.730,5926096.465,-0.955,4279542.007,622.460
275,643.700,636.107,609.254,-6.455,-0.791,11.354,-54737682.002,-10618688.882,467639.427,-0.905,-990055.711,623.140
276,636.847,634.872,609.709,-6.755,-0.360,5.317,-35495448.601,-9322716.779,550307.583,-0.262,-2142961.244,625.960
277,633.218,634.023,610.242,-5.015,0.053,7.478,-21407085.321,-7790111.254,754220.162,0.170,-1733672.173,629.640
278,632.025,633.606,610.878,-3.135,1.872,6.626,-11970342.641,-6390753.732,955824.181,-0.017,-1765963.869,624.990
279,629.680,632.785,611.341,0.406,0.880,7.627,-11556602.327,-6803931.634,572711.201,0.334,-994239.615,628.580
280,629.313,632.385,611.906,0.873,0.419,7.694,-5419493.398,-5503107.244,778678.849,-0.079,-1145778.821,632.910
281,630.512,632.435,612.595,1.110,1.782,7.184,375208.635,-3839514.868,1145430.778,0.816,1110361.162,639.570
282,633.532,633.114,613.479,1.577,1.459,7.235,14247847.370,525498.437,2484699.436,0.702,5536623.813,585.990
283,617.684,628.626,612.578,-6.240,-6.364,0.485,-179402618.727,-53496315.787,-16177210.412,-0.077,4717776.793,585.520
284,606.963,624.521,611.691,-6.850,-7.016,-0.135,-120136455.418,-48554202.741,-15699404.457,-0.142,4233745.666,580.930
285,598.285,620.369,610.682,-8.213,-8.246,-2.963,-84767248.509,-45266072.450,-15644631.678,-0.395,3027607.895,569.490
286,588.687,615.524,609.332,-10.957,-11.052,-5.107,-75533153.086,-46389776.240,-17002675.303,-0.496,555760.567,568.100
287,581.825,611.007,607.980,-3.053,-11.193,-4.141,-51851077.244,-42399028.556,-16592322.852,-0.285,-364204.319,579.980
288,581.210,608.052,607.062,-0.946,-9.717,0.230,-20236877.429,-34266595.151,-14638754.162,0.938,3030698.561,577.690
289,580.036,605.161,606.099,-0.558,-10.560,-1.219,-15270556.429,-31511482.701,-14333808.597,0.300,3729988.661,580.110
290,580.061,602.775,605.247,1.865,-12.819,-2.910,-8451913.380,-28016544.090,-13693835.439,0.121,3989051.499,580.830
291,580.317,600.685,604.446,2.241,-13.086,-2.568,-5077580.920,-25189150.938,-13190067.589,-0.469,2901562.348,585.110
292,581.915,599.202,603.812,0.885,-11.214,-3.817,59878.107,-21805917.881,-12418760.581,0.400,3866315.826,596.330
293,586.720,598.928,603.567,3.227,-8.260,-2.615,11892951.138,-16342583.112,-10845716.063,0.836,6515564.208,609.090
294,594.177,599.896,603.748,4.996,-2.148,1.355,23579858.692,-10314368.168,-8950654.100,0.793,9433990.587,606.770
295,598.374,600.551,603.847,4.466,-2.627,1.964,14102065.395,-9794287.504,-8816321.874,0.069,9578909.530,609.850
296,602.200,601.436,604.044,4.228,-2.574,0.247,11287325.610,-8322655.738,-8341758.992,0.546,10582152.560,611.460
297,605.286,602.391,604.287,2.537,-2.887,-0.251,8740666.116,-7182655.465,-7948673.545,-0.105,10343252.353,605.910
298,605.494,602.726,604.340,-0.522,-3.053,-1.727,1525041.194,-7727755.768,-8111215.680,-0.075,10168703.363,612.200
299,607.730,603.628,604.598,0.895,-2.606,0.119,4825396.060,-5903578.477,-7470647.763,0.141,10425493.295,609.760
300,608.406,604.212,604.767,-0.015,-3.658,1.480,1749798.560,-5760513.521,-7370016.572,0.381,11113149.201,605.560
301,607.458,604.341,604.793,-0.965,-5.318,1.795,-2231211.627,-6182677.186,-7462581.012,-0.421,10090409.066,606.520
302,607.145,604.548,604.850,0.101,3.503,4.403,-677598.898,-5362457.781,-7138246.338,0.587,11575119.941,604.640
303,606.310,604.557,604.843,-1.235,3.265,4.248,-1986582.772,-5290276.137,-7055174.344,-0.143,11223892.073,614.000
304,608.873,605.456,605.143,0.695,5.693,7.699,6416674.685,-2574707.972,-6062441.099,0.483,12421441.166,607.940
305,608.562,605.693,605.235,0.393,6.752,7.982,302716.024,-3465231.146,-6254662.745,-0.756,10934313.406,606.110
306,607.745,605.733,605.263,-0.068,6.691,3.047,-1051757.618,-3493371.504,-6172893.636,0.518,11998380.323,609.900
307,608.463,606.129,605.415,0.870,5.159,4.627,1745998.408,-2461477.983,-5729798.419,0.430,12831259.046,609.310
308,608.745,606.432,605.543,-0.764,5.474,1.655,807124.066,-2329015.758,-5577038.623,0.164,13129552.416,618.390
309,611.960,607.571,605.964,1.719,6.599,0.753,9157414.964,355461.625,-4546381.725,0.772,15327231.986,618.250
310,614.057,608.588,606.367,2.003,6.443,-0.340,5958557.582,279783.643,-4411718.625,-0.455,13898573.551,622.400
311,616.838,609.904,606.893,2.050,6.373,-0.519,7068285.555,1137684.391,-3962555.998,0.126,14180177.458,621.250
312,618.309,610.984,607.364,1.960,4.179,-0.404,4109125.003,857029.107,-3891954.034,-0.495,13402120.534,614.250
313,616.956,611.295,607.589,-0.669,0.847,-1.466,-978166.664,-286759.380,-4130012.918,-0.483,12632025.800,604.960
314,612.957,610.692,607.503,-2.150,-0.298,-1.800,-10484696.656,-3068759.119,-4961742.221,0.486,14174031.165,606.800
315,610.905,610.321,607.480,-2.506,-0.500,-3.286,-6213997.344,-2554839.081,-4722753.909,-0.647,13355292.441,607.140
316,609.650,610.018,607.469,-2.271,-0.707,-2.918,-3990183.056,-2267954.833,-4552911.305,-0.693,12422636.526,600.250
317,606.517,609.088,607.232,-2.279,-0.934,-4.057,-8795722.157,-3804987.740,-5007137.176,-0.958,9863361.434,605.150
318,606.061,608.713,607.164,0.031,-1.152,-2.090,-3137167.305,-2663565.822,-4574773.911,0.522,10734715.315,617.780
319,609.967,609.576,607.512,1.809,1.315,-0.284,7369915.470,293352.925,-3494155.716,0.989,12956489.676,615.990
320,611.975,610.187,607.790,1.458,1.722,-1.593,3160952.303,-235249.643,-3551953.038,-0.457,11614106.541,621.130
321,615.027,611.229,608.227,3.479,2.409,-0.113,6279850.736,979312.000,-3025080.886,0.453,12718014.984,625.040
322,618.364,612.545,608.779,3.287,3.374,-0.846,8162329.447,2021976.273,-2534839.320,0.703,14862704.888,633.980
323,623.570,614.586,609.605,2.622,3.254,1.304,11917006.545,3679536.698,-1814799.974,0.590,16143713.993,633.490
324,626.876,616.387,610.388,2.841,4.203,0.602,7693010.623,3257201.659,-1780051.818,0.415,16783513.731,639.980
325,631.244,618.634,611.358,3.035,5.588,1.080,10471321.792,4473462.846,-1196183.099,0.004,16793471.945,646.050
326,636.180,621.245,612.496,3.361,5.927,0.906,11857761.995,5440813.280,-677270.787,0.691,18459030.147,642.590
327,638.316,623.278,613.482,1.358,5.462,0.452,5667321.630,4283254.006,-875181.879,-0.555,17381633.608,649.330
328,641.988,625.759,614.658,2.500,5.003,1.079,7870443.613,5044533.394,-443973.045,0.968,19144520.765,647.020
329,643.665,627.784,615.719,1.100,4.653,0.173,3700183.329,4122164.762,-581558.756,-0.490,18160899.496,655.760
330,647.697,630.448,617.032,1.503,5.360,-1.450,9863182.859,5842833.063,165022.906,0.246,18786304.928,648.410
331,647.934,632.159,618.060,0.906,4.372,-2.973,1860883.489,3939352.271,-304116.050,-0.331,18149041.946,641.240
332,645.703,633.024,618.820,-1.246,4.394,-2.696,-4285676.557,1985242.850,-837712.136,-0.962,15925658.243,646.920
333,646.109,634.347,619.742,-0.015,6.936,-0.477,1467895.575,3031890.182,-384835.022,0.908,18000688.812,642.620
334,644.946,635.135,620.492,-2.004,5.903,3.239,-1952364.650,1905721.108,-660508.795,-0.145,17704173.565,635.150
335,641.681,635.136,620.972,-2.045,4.613,1.927,-5355973.713,565824.637,-1037645.944,0.025,17745395.641,632.320
336,638.560,634.868,621.344,-1.391,5.343,1.016,-5758910.795,-113281.039,-1218863.616,-0.046,17639149.290,630.840
337,635.987,634.485,621.656,-2.486,4.245,0.191,-4916484.464,-410266.826,-1284856.016,0.106,17869681.869,626.860
338,632.945,633.758,621.826,-2.452,1.470,0.299,-6574526.456,-1313156.694,-1567011.899,-0.536,16538479.283,635.960
339,633.950,633.968,622.290,0.128,3.242,1.174,2291128.629,718804.782,-859161.056,0.983,18701295.912,651.010
340,639.636,635.591,623.231,2.956,4.811,2.860,30406272.120,8901448.050,2009551.080,0.669,22553915.232,624.600
341,634.624,634.544,623.276,-0.989,-0.070,-2.341,-51590867.560,-12478227.661,-5124701.313,-0.917,15070886.943,606.070
342,625.106,631.832,622.712,-3.317,-4.402,3.427,-69560503.953,-21337422.812,-8415687.393,-0.602,11644530.503,609.570
343,619.927,629.712,622.281,-4.150,-3.776,4.107,-42845186.302,-18297149.306,-7792699.314,-0.521,10070022.840,607.450
344,615.768,627.592,621.795,-6.691,-5.083,4.565,-30450526.068,-17093726.096,-7722814.275,-0.071,9880236.074,599.300
345,610.279,624.898,621.057,-4.051,-7.236,5.235,-29253905.395,-18023910.663,-8350284.759,-0.965,6699018.726,596.060
346,605.539,622.151,620.238,-1.652,-7.241,4.922,-22806281.477,-17251255.708,-8401456.853,-0.965,3748131.617,597.600
347,602.893,619.813,619.496,-1.964,-7.967,3.038,-14075915.378,-15285915.467,-8015021.651,0.794,5493157.211,601.270
348,602.352,618.047,618.898,-1.017,-7.071,4.082,-7018869.582,-13154378.565,-7519603.826,-0.151,5200358.368,609.720
349,604.808,617.254,618.597,1.739,-7.021,5.104,450021.912,-10436075.378,-6768541.245,0.615,6320503.447,615.470
350,608.362,617.084,618.495,3.256,-5.080,5.964,4313002.858,-8295595.366,-6151901.704,0.390,7137816.088,614.980
351,610.568,616.884,618.379,2.908,-4.095,5.105,2608056.735,-7581903.951,-5976489.698,0.427,7836084.065,604.850
352,608.662,615.738,617.936,0.595,-6.503,1.429,-6389651.406,-9182205.259,-6580049.632,-0.452,6748403.466,604.430
353,607.251,614.661,617.493,-0.868,-5.943,-0.765,-4540106.964,-8387806.480,-6391884.663,-0.257,6234196.426,607.260
354,607.254,613.956,617.158,-1.334,-4.391,0.081,-1506618.570,-7154647.937,-6032794.732,0.773,7480372.053,611.020
355,608.509,613.676,616.956,-0.644,-3.369,0.192,1337048.660,-5804264.027,-5604690.540,-0.296,6927541.206,596.970
356,604.663,612.085,616.301,-1.303,-5.369,-2.370,-9446436.893,-8205134.882,-6437763.244,-0.971,4783931.675,607.550
357,605.625,611.653,616.014,0.516,-3.080,0.271,736364.971,-5413982.160,-5534821.213,0.612,6004723.451,612.790
358,608.014,611.761,615.908,0.911,-3.643,0.096,5169330.448,-3561673.249,-4893179.160,0.493,7324125.322,609.150
359,608.392,611.513,615.687,-0.306,-6.430,-0.100,619704.485,-4030042.220,-5010765.005,0.008,7341712.834,613.660
360,610.148,611.717,615.620,2.796,-1.752,1.338,2722071.413,-2986532.935,-4619369.259,0.151,7573640.569,605.230
361,608.509,611.099,615.280,-0.382,-0.139,-0.213,-4085515.784,-4387881.244,-5048265.027,-0.906,5671434.806,604.000
362,607.006,610.423,614.910,-1.434,-0.914,-0.106,-3471817.720,-4183742.229,-4956335.734,-0.136,5422607.579,611.110
363,608.374,610.489,614.785,0.322,0.603,-0.471,2667998.284,-2361706.751,-4303746.684,0.308,6071062.364,628.930
364,615.226,612.245,615.249,2.488,4.944,3.453,30512964.082,6073017.290,-1336315.787,0.835,10109081.550,623.050
365,617.834,613.274,615.505,2.944,4.528,2.795,13767120.775,3616104.611,-1939209.231,-0.781,7489247.396,600.400
366,612.023,612.048,615.010,-0.596,0.469,-1.558,-35941693.433,-9619650.290,-6313639.153,-0.793,2751174.236,614.110
367,612.718,612.244,614.980,0.491,2.135,0.788,-9904590.426,-4687339.254,-4724024.243,0.799,5207524.610,600.800
368,608.746,611.154,614.515,-4.473,-1.463,-2.844,-20147085.577,-8110647.504,-5901337.412,-0.461,3800278.059,609.460
369,608.984,610.993,614.349,-2.181,-0.976,-1.422,-4257517.531,-4717098.355,-4805502.790,0.978,6906992.418,603.660
370,607.209,610.295,613.999,0.543,-1.841,-3.011,-6496569.354,-5313057.845,-5007770.665,-0.266,6403859.701,591.530
371,601.983,608.508,613.262,-3.677,-2.202,-4.784,-18816174.689,-8945660.466,-6268348.196,-0.517,4552693.873,594.340
372,599.435,607.158,612.642,-1.075,-1.669,-3.241,-10102553.356,-7396103.344,-5822674.835,0.114,4849287.835,588.230
373,595.700,605.356,611.841,-3.483,-3.134,-2.765,-10618203.301,-7801189.044,-6013718.388,0.123,5083914.820,580.860
374,590.753,603.023,610.826,-3.777,-4.936,-4.275,-14373763.317,-9142493.263,-6534084.452,-0.662,3118675.511,570.980
375,584.162,599.971,609.519,-3.474,-4.354,-5.956,-19654556.318,-11149507.459,-7310545.366,0.223,3801461.893,578.590
376,582.305,597.935,608.505,-2.650,-4.767,-3.608,-6929333.725,-8323734.229,-6463605.798,0.637,5352768.236,570.410
377,578.340,595.313,607.256,-3.029,-6.916,-5.741,-11001256.437,-9354340.670,-6879392.554,-0.324,4594020.118,580.570
378,579.083,593.909,606.381,-0.050,-4.692,-6.023,-235131.731,-6435154.160,-5955572.546,0.665,5988125.606,578.230
379,578.799,592.416,605.458,1.270,-5.774,-6.130,-1529189.448,-6214406.610,-5895301.475,-0.816,4552717.922,580.450
380,579.349,591.276,604.638,0.321,-4.094,-6.549,24211.208,-5324366.693,-5599356.754,0.829,5721432.426,568.500
381,575.733,589.107,603.453,-0.335,-5.877,-9.046,-10588564.044,-7847199.822,-6458857.010,-0.806,3576469.587,565.100
382,572.189,586.821,602.196,-2.665,-7.529,-10.865,-10713070.296,-8143855.344,-6606503.757,0.113,3939598.208,561.090
383,568.489,584.370,600.848,-2.964,-10.787,-11.429,-9754704.888,-8114723.794,-6646879.833,-0.421,3117347.668,559.050
384,565.343,581.959,599.478,-3.687,-10.272,-12.646,-8097809.352,-7797513.745,-6585802.405,-0.408,2160105.161,564.510
385,565.065,580.297,598.331,-0.702,-5.978,-12.621,66030.452,-5493587.668,-5832375.767,0.997,5154534.032,570.850
386,566.993,579.397,597.430,1.018,-7.044,-11.164,5322839.555,-3462154.770,-5121922.209,0.551,6530362.866,581.530
387,571.839,579.600,596.909,3.643,-3.207,-10.442,10941358.943,-1020197.390,-4226829.752,0.507,7583563.596,577.510
388,573.729,579.401,596.273,3.302,-5.242,-10.743,4149663.975,-1821485.826,-4397547.660,0.233,8129559.586,565.210
389,570.890,578.050,595.254,0.124,-6.369,-13.808,-5479977.550,-4004131.042,-5064489.068,-0.816,6487791.473,571.480
390,571.086,577.424,594.475,0.110,-3.390,-11.864,1005552.884,-2291679.157,-4440190.615,1.000,8716916.473,560.700
391,567.624,575.831,593.368,-3.582,-5.660,-12.560,-5014414.104,-3697647.626,-4853769.548,-0.376,8121811.684,564.680
392,566.643,574.769,592.427,-2.222,-4.004,-12.713,-1550415.743,-2833340.140,-4518315.433,0.461,8744252.032,569.300
393,567.529,574.248,591.669,0.724,-1.990,-11.410,1572756.345,-1818821.982,-4113809.992,-0.177,8444835.613,564.310
394,566.456,573.302,590.772,-1.255,-1.168,-11.153,-2148528.890,-2559038.875,-4293393.250,0.574,9548637.334,580.070
395,570.994,573.946,590.421,3.455,0.256,-8.263,11819506.447,1470924.553,-2849164.713,0.985,12033026.895,580.470
396,574.153,574.568,590.095,2.796,1.764,-7.985,8100412.698,1393905.567,-2734037.175,0.222,12399797.775,587.830
397,578.712,575.831,590.020,3.255,1.250,-6.226,8321029.798,2095653.989,-2357109.267,0.889,13457661.007,595.920
398,584.448,577.744,590.214,5.602,3.059,-6.296,11873466.229,3703528.761,-1657586.370,0.281,14117445.663,585.980
399,584.959,578.528,590.075,1.019,0.953,-9.989,751130.713,1303807.896,-2307945.516,-0.409,13232305.791,586.010
400,585.309,579.241,589.942,0.954,3.080,-6.178,517904.008,1184535.773,-2230588.267,0.295,13738645.029,581.700
401,584.106,579.475,589.671,-1.043,2.938,-4.021,-2417462.211,282370.970,-2429198.312,-0.568,12647204.083,571.190
402,579.801,578.686,589.066,-4.150,1.800,-6.296,-13876622.294,-3248801.737,-3555944.022,-0.032,12536019.895,570.480
403,576.694,577.905,588.456,-2.645,2.045,-6.086,-9797803.776,-3095598.404,-3493131.652,0.705,14165293.509,576.520
404,576.636,577.773,588.065,-1.619,2.128,-3.801,-2552399.077,-1663788.049,-2987179.456,0.504,15161031.219,574.920
405,576.064,577.501,587.634,-1.166,0.713,-3.547,-2481791.918,-1728244.197,-2965979.395,-0.152,14937949.851,576.730
406,576.286,577.428,587.276,0.970,-0.825,-3.492,-639981.919,-1273779.218,-2768942.757,0.358,15539586.650,580.760
407,577.777,577.745,587.063,1.802,0.563,-3.411,1656788.221,-557197.531,-2473228.945,0.225,15888345.248,593.060
408,582.872,579.204,587.259,2.869,4.927,-2.732,20270537.181,4971872.243,-506957.993,0.131,16502640.495,610.820
409,592.188,582.215,588.032,6.244,6.884,-0.756,51779079.614,15431328.647,3273472.252,0.713,21109593.676,615.510
410,599.962,585.386,588.933,6.724,9.775,0.086,40087695.216,15552623.673,3713847.799,0.717,23664887.983,607.570
411,602.498,587.498,589.544,4.616,7.595,0.450,21399536.591,12549823.260,3068253.423,-0.525,22609192.062,607.990
412,604.329,589.450,590.149,2.517,6.796,0.589,14521573.947,11427520.917,2992758.185,-0.346,21978775.681,613.360
413,607.339,591.727,590.910,0.416,8.692,1.005,12701647.448,11202213.635,3191742.981,-0.026,21934368.181,634.960
414,616.546,595.845,592.354,3.160,9.463,3.918,34029017.765,17438551.231,5601317.257,0.995,25468312.814,632.300
415,621.797,599.316,593.664,4.070,8.929,5.918,20747122.770,15223768.522,5226957.110,-0.573,24216375.600,632.970
416,625.522,602.522,594.952,4.109,7.679,4.184,14248130.613,13892947.358,5096569.870,0.147,24491301.421,632.680
417,627.908,605.394,596.189,3.150,6.169,3.246,9320446.662,12518864.634,4911930.817,-0.680,23236640.329,628.750
418,628.188,607.618,597.257,-0.978,7.299,3.218,3622857.208,10586370.698,4496053.686,-0.269,22703665.049,641.330
419,632.569,610.829,598.702,1.428,9.440,4.509,10371861.699,11851465.934,5131260.800,0.369,23404568.584,642.820
420,635.986,613.876,600.148,1.556,10.507,6.211,7799879.819,10975699.279,5050101.956,-0.291,22885259.309,640.540
421,637.504,616.415,601.473,1.242,12.141,6.050,3693071.679,9499866.529,4736310.266,0.045,22974340.599,642.230
422,639.079,618.874,602.809,2.144,12.577,5.092,3206991.900,8807958.511,4654294.596,0.012,22990489.139,642.350
423,640.170,621.110,604.105,0.159,11.419,2.134,2180806.120,7981337.182,4505905.743,-0.658,22286526.516,642.000
424,640.780,623.099,605.348,-0.128,11.668,3.041,1286523.147,7173396.232,4341710.708,0.921,23608247.799,660.010
425,647.190,626.614,607.140,3.040,14.440,9.928,20477013.674,12095738.946,6129129.857,0.979,26808387.582,668.660
426,654.347,630.619,609.157,4.115,15.135,8.883,24210622.350,13960700.922,6966792.474,0.395,28254749.579,667.540
427,658.744,634.135,611.071,3.922,12.559,11.109,15240270.900,12373926.358,6649834.295,-0.322,27477971.549,672.870
428,663.453,637.824,613.097,4.808,10.158,10.404,13211944.943,12067389.851,6731980.483,0.532,28391346.922,677.140
429,668.015,641.568,615.197,2.595,10.013,12.172,11907835.269,11803792.334,6816165.251,0.960,30482911.910,675.540
430,670.524,644.804,617.176,1.029,11.187,14.202,7000732.313,10411671.769,6500439.387,-0.072,30355490.098,669.510
431,670.186,647.157,618.892,0.295,10.119,12.648,199316.825,8143558.824,5847850.747,-0.073,30194010.266,677.180
432,672.517,650.016,620.803,0.641,10.405,15.122,5014224.397,8762652.225,6136250.379,0.508,31163750.533,676.800
433,673.945,652.567,622.639,-0.050,6.589,16.517,3116785.551,7863533.714,5912829.313,0.224,31562805.424,678.630
434,675.506,655.049,624.474,0.457,7.327,18.854,2949709.904,7363726.562,5804722.077,0.429,32175348.424,669.220
435,673.411,656.399,625.941,-0.043,5.727,15.664,-6233184.301,4319659.964,4807879.625,0.564,33650406.668,677.250
436,674.691,658.385,627.624,0.010,7.045,18.730,1355634.513,5482861.124,5192318.724,0.943,35591051.646,688.010
437,679.130,661.206,629.604,1.656,9.425,18.506,11631609.049,8025784.647,6077277.393,0.847,38125512.905,681.680
438,679.980,663.156,631.311,0.449,6.292,17.891,4319950.592,6280151.222,5540207.107,-0.584,37175078.253,685.090
439,681.684,665.245,633.074,2.371,6.576,18.027,5297799.145,6372850.748,5596380.521,0.183,37563639.728,681.040
440,681.469,666.749,634.647,0.560,6.323,19.796,980888.547,5037061.853,5161976.811,0.311,38151884.471,680.720
441,681.219,668.080,636.158,-1.060,5.993,20.460,471721.004,4505283.193,4974809.896,-0.571,37177114.118,699.400
442,687.280,671.063,638.231,2.599,8.881,24.650,19271256.003,9492430.127,6676302.228,0.935,40024759.303,706.150
443,693.570,674.404,640.458,3.074,9.992,26.312,20129197.002,10668872.877,7173639.171,0.163,40553045.519,700.770
444,695.970,676.915,642.435,2.897,6.176,24.138,8828411.181,8341060.178,6486858.855,-0.670,38838049.179,692.190
445,694.710,678.370,644.067,1.685,3.519,21.256,525956.014,6015344.512,5746996.128,-0.753,37426234.767,690.880
446,693.433,679.561,645.602,-1.218,3.496,18.804,-803149.524,5112801.168,5445082.793,0.426,38550560.654,706.040
447,697.635,682.083,647.583,-0.016,4.930,22.256,12902906.424,8465393.277,6588359.368,0.679,40357042.078,709.680
448,701.650,684.712,649.619,1.271,4.806,25.560,11779504.736,8567041.666,6684895.171,-0.109,40072857.086,709.980
449,704.427,687.118,651.598,2.570,5.098,24.235,8003833.857,7794227.422,6480554.086,0.264,40470988.883,718.280
450,709.045,690.086,653.784,3.966,7.284,28.104,11055278.138,8686031.163,6830639.746,0.936,42405989.631,727.500
451,715.196,693.649,656.201,3.039,7.431,28.834,16893775.439,10579815.818,7543430.903,0.826,44964078.804,728.120
452,719.504,696.932,658.559,2.598,7.583,27.897,11863473.453,9743916.166,7355215.774,0.358,46005869.017,733.990
453,724.333,700.461,661.032,3.382,8.158,30.069,20354118.008,12371677.210,8338172.868,0.613,49901599.317,749.380
454,732.682,705.120,663.929,4.330,11.978,29.188,31862155.816,16419920.469,9864076.427,0.933,53229593.728,749.160
455,738.175,709.315,666.724,2.977,10.618,29.061,20796961.457,14729125.447,9496945.159,-0.826,48223876.979,753.460
456,743.270,713.519,669.567,3.480,9.513,28.177,21997853.038,15650126.471,9985557.980,0.231,49535926.540,756.500
457,747.680,717.612,672.418,3.067,10.976,26.947,18649937.652,15298124.605,10050100.567,-0.133,49012326.425,754.500
458,749.953,721.125,675.109,0.683,10.132,28.759,10577231.101,13310857.309,9538025.728,-0.178,48516997.352,761.780
459,753.895,724.997,677.951,1.685,11.855,29.994,14740324.921,14239967.333,9981582.674,0.267,49364087.335,756.990
460,754.927,728.044,680.542,0.469,11.204,30.134,5371584.531,11610837.468,9216091.561,-0.145,48959376.457,762.500
461,757.451,731.326,683.229,0.793,9.022,33.493,7637589.984,11664053.032,9312927.933,0.758,50632816.245,768.050
462,760.984,734.823,686.010,1.796,8.766,34.632,9632544.256,11850567.296,9454223.830,0.649,52226249.778,767.650
463,763.206,737.950,688.687,0.771,9.544,33.152,6056662.704,10617646.563,9108344.347,-0.435,51035415.655,757.840
464,761.417,739.844,690.954,0.112,9.484,31.817,-2366928.614,7776526.771,8179739.246,-0.217,50609627.611,744.090
465,755.642,740.248,692.696,-2.414,7.702,29.019,-15345754.076,3102247.555,6557341.074,-0.834,48104525.840,744.560
466,751.948,740.659,694.397,-3.058,5.456,28.204,-9910714.247,2898163.541,6373800.888,0.357,48833526.911,751.480
467,751.792,741.690,696.268,-2.106,5.890,26.712,-1108079.485,4193308.922,6705715.286,-0.710,47140634.803,744.750
468,749.445,741.981,697.858,-1.727,4.897,21.926,-6137945.160,2251310.309,5954784.408,-0.879,45024360.626,740.980
469,746.623,741.886,699.272,-0.418,3.160,20.385,-7887219.927,952540.808,5386241.658,0.566,46733372.670,744.700
470,745.982,742.154,700.761,0.019,2.364,22.570,-2705646.298,1591108.441,5460709.176,0.565,47896514.607,755.490
471,749.151,743.424,702.556,0.534,3.759,24.260,6442741.471,3795718.781,6092801.236,0.894,49946933.588,695.000
472,731.101,738.812,702.308,-6.680,-5.312,13.310,-246584008.866,-68245541.059,-18783602.396,-0.544,43172402.837,681.790
473,714.664,733.381,701.635,-7.988,-9.019,7.375,-214954700.537,-76193211.804,-23141388.674,-0.436,38168672.826,678.670
474,702.666,728.171,700.882,-8.867,-9.409,7.334,-147523320.571,-70142483.122,-22797754.968,0.202,38986770.262,680.350
475,695.227,723.616,700.209,-9.946,-9.703,7.485,-96715372.701,-62995530.154,-21889614.705,0.089,39247452.575,677.300
476,689.252,719.205,699.458,-2.547,-10.469,7.053,-67014932.984,-57721103.811,-21421563.520,-0.654,37615101.990,677.760
