NUM,EMA_5,EMA_20,EMA_60,ROC_5,ROC_20,ROC_60,FORCE_5,FORCE_20,FORCE_60,MFM,ACDL,TARGET
0,61.924,60.710,69.789,4.306,0.321,8.038,1520858.790,1578621.949,1004619.523,-0.752,-9536954.682,61.830
1,61.892,60.817,69.528,0.162,-1.498,6.622,18251.467,1143804.318,873747.959,-0.822,-13201190.846,61.270
2,61.685,60.860,69.258,-1.732,-2.156,6.631,-679285.636,837312.493,777088.687,-0.447,-14858339.214,61.000
3,61.457,60.873,68.987,-2.897,-4.178,6.513,-873013.810,637523.669,710283.479,-0.145,-15536654.907,60.950
4,61.288,60.881,68.723,-2.480,-1.931,8.394,-636635.107,561199.729,681622.457,-0.070,-15765321.465,61.010
5,61.195,60.893,68.471,-1.326,0.362,9.849,-326882.345,535621.010,668868.382,-0.650,-18935405.915,60.660
6,61.017,60.871,68.214,-0.996,2.242,11.630,-672067.913,354853.385,602268.138,-0.624,-21362608.256,60.520
7,60.851,60.837,67.962,-0.787,2.143,11.619,-619850.335,271970.665,565622.784,-0.607,-23595671.682,63.000
8,61.567,61.043,67.799,3.363,5.652,17.253,5242391.563,1861961.588,1103368.770,0.974,-16930176.358,64.600
9,62.578,61.382,67.695,5.884,8.663,16.649,9555347.975,3416180.561,1663299.656,0.299,-13535947.474,65.180
10,63.446,61.744,67.612,7.451,8.815,22.819,7207589.004,3330074.894,1691128.227,0.773,-10189144.338,66.300
11,64.397,62.178,67.569,9.551,11.786,36.000,6883257.042,3606695.677,1840094.289,0.221,-8956272.976,66.450
12,65.081,62.585,67.532,5.476,10.492,38.438,4738676.378,3306011.808,1794501.527,-0.077,-9186793.514,66.600
13,65.588,62.967,67.502,3.096,11.876,38.953,3352113.936,3046295.355,1754648.659,0.216,-8351139.215,66.710
14,65.962,63.323,67.476,2.347,12.382,38.230,2314426.917,2778938.929,1704956.994,0.584,-7081082.592,67.110
15,66.344,63.684,67.464,1.222,11.999,40.486,1907963.011,2618567.145,1684959.558,0.333,-6168553.258,68.920
16,67.203,64.183,67.512,3.717,11.647,41.230,4586379.164,3316152.319,1955721.916,0.527,-3274135.377,69.720
17,68.042,64.710,67.584,4.685,11.820,43.309,4649537.043,3455171.412,2048185.223,0.899,2093682.371,69.640
18,68.575,65.180,67.651,4.392,10.856,42.617,3037545.042,3108351.377,1974918.857,0.471,3190382.136,68.860
19,68.670,65.530,67.691,2.608,10.176,35.365,689236.348,2430662.575,1778777.877,-0.725,-535407.635,69.070
20,68.803,65.867,67.736,0.218,11.710,34.823,1120059.619,2387904.821,1785431.263,-0.188,-2310627.675,69.130
21,68.912,66.178,67.782,-0.846,12.828,32.306,864100.892,2194026.595,1738439.531,0.523,758861.023,70.790
22,69.538,66.617,67.881,1.651,16.049,29.439,11058876.515,4980160.039,2712537.506,0.086,2388023.824,71.790
23,70.289,67.110,68.009,4.255,17.785,32.650,9528121.010,5121726.702,2835621.850,0.978,8710931.379,71.370
24,70.649,67.516,68.119,3.330,16.981,25.696,5681586.093,4442373.326,2676700.355,0.711,12116618.135,72.520
25,71.273,67.992,68.263,4.904,19.552,27.721,6092213.279,4677715.643,2815610.758,0.566,15519473.418,74.920
26,72.489,68.652,68.482,5.834,23.794,30.750,10916949.119,6190925.658,3397604.530,0.602,20677323.816,74.780
27,73.252,69.236,68.688,4.165,18.698,29.377,7027401.453,5529723.797,3261561.959,0.654,24186355.989,74.330
28,73.612,69.721,68.873,4.147,15.062,28.377,3898033.402,4778254.607,3077225.413,0.026,24320868.963,74.630
29,73.951,70.188,69.062,2.910,14.498,30.586,3063255.635,4455916.083,3022027.862,0.587,27046838.856,71.190
30,73.031,70.284,69.132,-4.979,7.376,21.257,-5949113.550,1748319.130,2136917.049,-0.710,22095571.041,69.670
31,71.910,70.225,69.149,-6.833,4.846,18.125,-8459635.994,297938.177,1624864.658,-0.170,20585976.317,70.110
32,71.310,70.214,69.181,-5.677,5.270,16.365,-4971569.956,460473.790,1637313.755,-0.463,18476232.781,71.120
33,71.247,70.301,69.244,-4.703,6.611,21.179,-1797142.147,850115.664,1732867.844,0.210,19421174.893,72.180
34,71.558,70.480,69.341,1.391,7.555,21.474,307827.449,1199415.757,1824176.002,0.965,23535402.339,73.540
35,72.219,70.771,69.478,5.555,6.703,24.834,2650578.992,1783860.169,2004894.234,0.640,26985167.339,73.680
36,72.706,71.048,69.616,5.092,5.680,24.649,1979247.302,1674595.764,1960031.600,0.169,27755850.050,71.540
37,72.317,71.095,69.679,0.591,2.728,20.155,-1654349.946,665439.554,1603258.615,-0.993,23614421.846,73.380
38,72.671,71.313,69.800,1.663,6.564,16.810,1128063.236,1239482.416,1770131.762,1.000,27251861.846,76.050
39,73.798,71.764,70.005,3.413,10.106,22.129,5548132.898,2491748.112,2183841.286,0.989,32579836.705,75.440
40,74.345,72.114,70.184,2.389,9.128,21.091,2852677.742,2012702.332,2029019.192,-0.147,31969042.283,74.830
41,74.507,72.373,70.336,4.599,5.707,19.213,1246879.808,1633900.581,1898077.053,-0.085,31693756.300,74.660
42,74.558,72.590,70.478,1.744,3.998,19.227,624857.282,1419320.738,1815543.780,0.138,32198072.130,75.550
43,74.889,72.872,70.644,-0.657,5.857,18.677,1602222.995,1622904.898,1872639.211,0.342,33565322.499,74.700
44,74.826,73.046,70.777,-0.981,3.006,20.193,11259.796,1166374.279,1707284.922,-0.185,32874545.462,75.230
45,74.960,73.254,70.923,0.535,0.414,23.754,761129.608,1270611.894,1725435.227,0.095,33280811.271,74.970
46,74.964,73.418,71.056,0.415,0.254,26.361,171890.778,1053735.820,1635860.732,0.398,34820607.635,75.050
47,74.992,73.573,71.187,-0.662,0.969,26.667,216313.666,982442.831,1592231.181,0.306,35986147.163,75.130
48,75.038,73.721,71.316,0.576,0.670,25.994,249039.644,918828.428,1550338.080,-0.351,34604934.055,71.540
49,73.872,73.514,71.323,-4.905,0.492,20.336,-10025721.501,-2080607.021,497040.314,-0.604,29463101.236,72.990
50,73.578,73.464,71.378,-2.641,4.765,21.853,-3991908.667,-1113338.067,745521.517,-0.133,28724295.318,74.150
51,73.769,73.529,71.469,-1.199,5.762,25.021,-936134.751,-514409.386,890763.863,0.673,31728295.904,72.390
52,73.309,73.421,71.499,-3.647,1.786,20.369,-3669646.048,-1335576.934,561995.584,-0.704,28075166.607,71.260
53,72.626,73.215,71.491,-0.391,-1.275,19.704,-3953360.655,-1638930.547,395346.881,-0.776,24971485.320,70.910
54,72.054,72.995,71.472,-2.850,-3.576,19.458,-3341206.087,-1684451.157,312978.231,0.620,28718466.681,70.540
55,71.549,72.762,71.442,-4.869,-4.262,17.724,-2711478.701,-1662315.230,255109.307,-0.159,28092839.450,72.210
56,71.770,72.709,71.467,-0.249,0.937,16.977,-235169.334,-1054718.599,401415.540,0.673,29994515.659,71.890
57,71.810,72.631,71.481,0.884,-2.031,15.301,-544390.223,-1065015.113,350128.735,-0.210,29231101.793,70.040
58,71.220,72.384,71.433,-1.227,-7.903,11.493,-2635865.182,-1612996.064,115081.396,-0.845,26116938.030,70.090
59,70.843,72.166,71.389,-0.638,-7.092,12.144,-1687947.105,-1439578.435,118124.270,0.139,26695869.562,71.960
60,71.215,72.146,71.408,-0.346,-3.835,16.384,605068.407,-808085.305,284451.325,0.847,29046962.286,73.060
61,71.830,72.233,71.462,1.627,-2.143,19.243,1900113.005,-303486.495,422344.796,0.778,32221852.730,71.650
62,71.770,72.178,71.468,2.299,-5.162,17.459,-522866.657,-785899.779,232470.344,-0.503,30307722.709,71.790
63,71.777,72.141,71.479,2.425,-3.896,17.785,-234782.738,-678539.314,236041.320,-0.246,29707485.170,69.400
64,70.985,71.880,71.411,-3.558,-7.750,13.752,-4624483.425,-1890476.980,-211169.373,-0.782,25323970.688,67.090
65,69.686,71.424,71.269,-8.171,-10.511,10.600,-7502585.670,-2973173.473,-638960.218,-0.827,20579903.177,67.510
66,68.961,71.051,71.146,-5.778,-10.047,11.550,-4428389.760,-2526204.375,-561617.193,0.562,22881362.053,67.060
67,68.327,70.671,71.012,-6.589,-10.741,6.444,-3347345.890,-2398495.210,-582064.437,-0.167,22442377.553,67.810
68,68.155,70.398,70.907,-2.291,-5.214,4.969,-1043409.427,-1830594.381,-446112.701,0.709,25810737.884,66.430
69,67.580,70.020,70.760,-0.984,-8.988,1.918,-2703159.444,-2229838.676,-628950.301,-0.466,23778531.731,67.200
70,67.453,69.752,70.643,-0.459,-9.373,1.357,-1095779.906,-1815665.548,-538854.252,-0.451,22537469.319,67.840
71,67.582,69.570,70.551,1.163,-6.285,2.092,105499.476,-1403882.330,-438955.482,-0.761,19553397.732,68.980
72,68.048,69.514,70.500,1.725,-3.200,3.574,1478800.324,-867760.011,-286025.728,-0.309,18407754.441,68.950
73,68.349,69.460,70.449,3.793,-2.764,3.358,958168.853,-793029.923,-279372.232,0.163,18858652.604,70.020
74,68.906,69.513,70.435,4.196,-0.737,4.336,1732339.922,-405057.353,-162649.140,0.887,21577013.305,70.520
75,69.444,69.609,70.438,3.950,-2.340,2.322,1535932.948,-257611.986,-119837.070,0.721,23225231.398,70.760
76,69.883,69.719,70.448,2.580,-1.572,1.492,1242554.819,-170620.506,-94406.394,-0.636,21486371.580,70.250
77,70.005,69.769,70.442,1.885,0.300,0.876,334972.249,-295341.685,-139842.016,-0.641,19627060.658,70.500
78,70.170,69.839,70.444,0.686,0.585,2.382,459715.249,-199670.929,-112004.532,1.000,22463865.658,70.790
79,70.377,69.929,70.455,0.383,-1.626,2.490,543747.003,-112863.173,-84994.203,0.129,22779446.672,72.260
80,71.004,70.151,70.514,2.120,-1.095,4.528,2291539.802,449040.500,107534.309,0.498,24738701.277,73.170
81,71.726,70.439,70.601,4.157,2.121,3.362,2394768.198,654010.452,189294.659,0.079,24965565.483,74.050
82,72.501,70.783,70.714,5.035,3.148,3.148,2627767.705,886368.192,284523.251,0.293,25996012.862,73.600
83,72.867,71.051,70.809,3.969,6.052,3.125,792660.087,527899.302,180848.549,0.128,26811427.446,69.160
84,71.631,70.871,70.755,-4.290,3.085,-4.633,-24033660.662,-6540119.885,-2241025.245,-0.856,12610028.693,67.970
85,70.411,70.595,70.664,-7.107,0.681,-9.277,-19742310.231,-6980071.264,-2533437.839,-0.979,3429633.545,66.220
86,69.014,70.178,70.518,-10.574,-1.253,-11.447,-18247537.154,-7768444.573,-2950636.303,-0.938,-4747113.667,67.170
87,68.399,69.892,70.408,-8.736,-0.944,-9.633,-9571062.753,-6287460.704,-2598750.324,-0.429,-8257738.953,69.250
88,68.683,69.830,70.370,0.130,4.245,-7.209,1009602.911,-3577137.376,-1786629.519,0.653,-1292063.740,68.150
89,68.505,69.670,70.297,0.265,1.414,-4.270,-1248343.192,-3785432.426,-1917042.826,-0.468,-3743906.988,67.640
90,68.217,69.477,70.210,2.144,-0.295,-2.914,-1434781.725,-3597073.032,-1913456.465,-0.883,-6875392.803,67.330
91,67.921,69.273,70.116,0.238,-2.392,-3.965,-1401748.007,-3381702.321,-1894512.993,-0.563,-9299006.741,66.180
92,67.341,68.978,69.987,-4.433,-4.017,-6.946,-2724701.371,-3571121.919,-2008483.324,-0.288,-10646149.241,66.850
93,67.177,68.775,69.884,-1.908,-4.527,-7.384,-968957.334,-2988869.285,-1859269.748,0.429,-9019796.955,67.530
94,67.295,68.657,69.807,-0.163,-4.240,-8.172,176977.591,-2469086.740,-1717364.267,-0.359,-10323110.083,67.520
95,67.370,68.549,69.732,0.282,-4.579,-8.360,110012.584,-2236213.472,-1661841.420,-0.778,-12183354.639,65.990
96,66.910,68.305,69.609,-0.287,-6.064,-7.758,-2084384.127,-2639733.861,-1819590.145,-0.905,-16013975.517,66.970
97,66.930,68.178,69.523,0.180,-5.007,-8.735,-165661.865,-2038637.049,-1639545.135,0.627,-13666032.864,67.900
98,67.253,68.151,69.469,0.548,-4.082,-10.717,811404.207,-1581096.725,-1495116.234,0.776,-11357506.482,67.420
99,67.309,68.082,69.402,-0.148,-6.698,-10.631,42613.098,-1572894.096,-1495111.411,-0.327,-12376803.609,68.040
100,67.553,68.078,69.358,3.107,-7.011,-9.074,764008.145,-1212923.398,-1373737.324,0.796,-9543849.977,66.980
101,67.362,67.973,69.280,0.015,-9.548,-10.287,-440653.023,-1368833.108,-1422138.571,-0.924,-12028304.255,66.660
102,67.128,67.848,69.194,-1.826,-9.429,-11.767,-680125.589,-1348855.738,-1413513.395,-0.483,-13778983.989,65.160
103,66.472,67.592,69.061,-3.352,-5.784,-12.771,-2907911.559,-1921677.430,-1608594.382,-0.636,-16902886.080,64.790
104,65.911,67.325,68.921,-4.777,-4.679,-13.877,-2604534.076,-1928925.209,-1621354.537,-0.444,-19302620.746,65.270
105,65.697,67.129,68.802,-2.553,-1.435,-12.939,-1209783.251,-1594768.675,-1516401.326,-0.089,-19596944.974,66.340
106,65.912,67.054,68.721,-0.480,-1.236,-11.606,280228.326,-1132385.803,-1359789.759,0.673,-17545720.843,66.450
107,66.091,66.997,68.647,1.980,-4.043,-11.553,295272.101,-993552.902,-1304538.959,0.371,-16447103.843,64.730
108,65.637,66.781,68.518,-0.093,-5.018,-9.519,-1605262.439,-1413817.533,-1439023.961,-0.699,-18645538.155,64.010
109,65.095,66.517,68.370,-1.930,-5.367,-12.303,-2188472.960,-1598681.958,-1501839.372,0.091,-18221940.428,63.790
110,64.660,66.257,68.220,-3.844,-5.258,-13.972,-1794630.913,-1542326.231,-1485613.386,-0.731,-21566693.851,63.370
111,64.230,65.982,68.061,-4.635,-4.246,-12.460,-1678731.809,-1533241.218,-1484345.197,-0.822,-24398266.454,63.170
112,63.877,65.714,67.901,-2.410,-5.505,-11.353,-1402808.139,-1468262.131,-1463578.495,0.568,-21983377.697,65.620
113,64.458,65.705,67.826,2.515,-2.828,-7.460,3086502.241,-179368.309,-1020014.512,0.954,-17286124.159,66.590
114,65.169,65.790,67.785,4.389,-1.377,-5.600,4269185.064,469576.360,-769045.160,-0.349,-19672081.019,66.330
115,65.556,65.841,67.738,4.671,0.515,-8.143,2382108.569,292279.143,-789471.365,0.198,-18612431.821,67.330
116,66.147,65.983,67.724,6.585,0.538,-6.343,3798421.713,895971.415,-546175.649,0.707,-13927173.968,68.100
117,66.798,66.185,67.737,3.779,0.295,-2.770,3884038.215,1196857.110,-395308.538,0.080,-13507139.502,68.880
118,67.492,66.441,67.774,3.439,2.166,-1.726,3681333.070,1394863.365,-274940.298,0.518,-11333073.102,69.420
119,68.135,66.725,67.828,4.659,2.028,-3.530,3344778.707,1516463.995,-178330.125,0.612,-8307600.835,69.640
120,68.636,67.003,67.888,3.431,3.971,-4.681,2535867.191,1459471.629,-142383.427,-0.211,-9188126.927,71.040
121,69.438,67.387,67.991,4.317,6.571,-0.851,4196580.461,2036474.998,108776.915,0.638,-5763163.108,69.140
122,69.338,67.554,68.029,0.377,6.108,-3.691,127404.574,1079577.646,-157443.548,-0.923,-9656673.080,69.040
123,69.239,67.696,68.062,-0.547,6.560,-0.519,-29427.417,944085.356,-163530.363,-0.210,-10375726.912,68.790
124,69.089,67.800,68.086,-1.221,5.393,2.534,-314789.528,769837.822,-187201.949,0.600,-8250493.912,67.560
125,68.580,67.777,68.068,-4.899,1.839,0.074,-1634816.326,289389.466,-321223.850,-0.951,-11555421.028,67.490
126,68.216,67.750,68.049,-2.386,1.565,0.641,-1182581.280,235341.784,-319810.320,-0.033,-11685683.881,67.620
127,68.018,67.737,68.035,-2.057,4.465,-0.280,-646424.704,253489.086,-295361.180,-0.077,-11937688.881,69.510
128,68.515,67.906,68.084,1.047,8.592,4.636,2607080.298,1097355.868,13145.426,0.523,-9416400.505,68.770
129,68.600,67.988,68.106,1.791,7.807,2.336,851040.198,739413.404,-74532.785,-0.559,-11425200.505,68.700
130,68.633,68.056,68.126,1.793,8.411,1.268,496461.496,648736.327,-79062.724,-0.373,-12557195.544,69.480
131,68.916,68.192,68.170,2.751,9.989,0.725,1258370.410,851922.223,14748.783,0.430,-11021771.571,67.570
132,68.467,68.133,68.150,-2.791,2.972,-2.001,-1446426.223,117832.536,-210522.307,-0.455,-12653380.207,66.270
133,67.735,67.955,68.089,-3.635,-0.481,-5.356,-3316400.149,-565422.753,-434975.609,-0.400,-14824564.207,65.850
134,67.106,67.755,68.015,-4.148,-0.724,-6.622,-2927631.232,-716343.767,-491208.979,-0.669,-18249179.311,66.460
135,66.891,67.631,67.964,-4.347,-1.292,-6.077,-1185231.205,-429113.994,-399708.067,0.512,-16319761.791,67.400
136,67.061,67.609,67.946,-0.252,-1.028,-4.057,266249.823,-86416.292,-282694.298,0.650,-14126648.840,66.760
137,66.960,67.528,67.907,0.739,-3.078,-5.305,-491980.651,-269466.321,-339276.177,-0.831,-16735505.587,66.570
138,66.830,67.437,67.863,1.093,-4.105,-5.961,-590553.421,-318821.810,-353978.563,0.990,-12632683.079,65.960
139,66.540,67.296,67.801,-0.752,-5.284,-8.719,-1007904.570,-463944.197,-402786.048,-0.795,-15034945.811,65.720
140,66.267,67.146,67.733,-2.493,-7.489,-10.182,-958642.380,-501675.035,-417780.539,0.306,-13939065.439,66.900
141,66.478,67.123,67.705,0.210,-3.240,-9.656,1174091.113,64156.692,-225736.649,0.426,-11974234.784,70.260
142,67.739,67.422,67.789,5.543,1.767,-4.538,12166190.129,3310464.451,901349.410,0.669,-5175927.459,72.540
143,69.339,67.909,67.945,9.976,5.451,4.887,15763263.059,5181602.019,1624498.903,0.803,2910285.399,72.650
144,70.443,68.361,68.099,10.545,7.534,6.885,10710670.113,4745781.276,1591088.585,0.040,3130461.479,73.770
145,71.552,68.876,68.285,10.269,9.305,11.401,9425802.635,4946760.934,1763710.850,0.578,6667321.791,74.790
146,72.631,69.439,68.498,6.447,10.603,11.344,8946995.603,5236534.325,1967831.201,0.455,10234009.978,74.750
147,73.337,69.945,68.703,3.047,7.538,7.942,5909750.082,4722127.155,1897910.802,0.130,10771208.761,75.170
148,73.948,70.442,68.915,3.469,9.306,10.301,4713798.188,4493533.559,1911811.904,0.766,15006354.492,74.310
149,74.069,70.811,69.092,0.732,8.166,9.861,1621213.912,3630915.635,1699491.689,-0.360,13095861.852,74.140
150,74.093,71.128,69.258,-0.869,6.707,10.114,790276.611,3202104.814,1615193.667,-0.323,11439431.282,74.390
151,74.192,71.439,69.426,-0.482,10.093,12.406,855653.324,2991085.951,1594577.703,-0.483,9532378.232,74.450
152,74.278,71.725,69.591,-0.958,12.343,11.369,683078.230,2738404.245,1553376.074,-0.522,6593873.537,74.060
153,74.205,71.948,69.737,-0.336,12.468,9.670,-152880.354,2303813.601,1442616.284,-0.143,5925449.537,73.210
154,73.873,72.068,69.851,-1.254,10.156,8.427,-1092809.436,1801291.582,1297852.878,-0.089,5612686.805,73.850
155,73.866,72.238,69.982,-0.726,9.570,11.911,-7095.784,1835866.814,1326262.014,0.367,6854968.928,75.210
156,74.314,72.521,70.154,1.021,12.657,12.304,2448636.944,2361984.489,1524092.846,0.036,7051763.109,75.740
157,74.789,72.827,70.337,2.268,13.775,11.546,2176742.403,2292552.949,1527662.042,0.946,9967751.181,75.410
158,74.996,73.073,70.503,3.005,14.327,11.851,1162749.302,1991811.058,1449206.339,0.106,10245367.298,76.420
159,75.471,73.392,70.697,3.480,16.281,12.316,2180766.368,2203714.815,1539947.131,0.610,12794089.682,74.910
160,75.284,73.537,70.835,-0.399,11.973,11.839,-287990.585,1496170.119,1318129.045,-0.829,9924324.658,73.900
161,74.823,73.571,70.936,-2.429,5.181,10.861,-1402297.933,1007876.524,1155865.384,-0.754,7212335.026,74.520
162,74.722,73.662,71.053,-1.180,2.730,14.365,-245668.329,1108801.701,1185758.023,-0.145,6728658.263,73.480
163,74.308,73.644,71.133,-3.847,1.142,13.413,-1525031.073,614272.343,1012987.053,-0.108,6305784.063,72.350
164,73.655,73.521,71.173,-3.417,-1.925,10.847,-2563270.545,113889.311,827651.429,-0.564,3991508.372,71.040
165,72.783,73.285,71.168,-3.870,-5.014,7.085,-3630461.140,-445989.893,611504.092,-0.975,-297253.874,70.910
166,72.159,73.059,71.160,-4.844,-5.137,6.712,-2613761.033,-458787.124,572426.554,0.107,181749.774,66.000
167,70.106,72.386,70.991,-10.180,-12.199,1.962,-12616491.229,-3521945.648,-515913.714,-0.930,-5994346.169,67.150
168,69.121,71.888,70.865,-7.187,-9.635,4.905,-5891146.353,-2466565.738,-251144.628,-0.087,-6562989.422,63.440
169,67.227,71.083,70.621,-10.698,-14.432,-0.549,-14723135.168,-5316141.649,-1304782.929,-0.796,-13511988.427,67.290
170,67.248,70.722,70.512,-5.105,-9.544,6.186,-458646.529,-2136477.611,-341664.447,0.928,-6748848.269,65.810
171,66.769,70.254,70.358,-0.288,-11.605,4.179,-4078357.859,-3010887.412,-701537.106,-0.646,-11688621.536,69.210
172,67.582,70.155,70.320,3.068,-6.549,5.471,4857051.827,-559577.068,66640.216,0.517,-8234876.402,69.850
173,68.338,70.126,70.305,10.104,-4.590,4.896,4195890.551,-232610.871,158670.635,0.289,-6935154.034,69.860
174,68.846,70.100,70.290,3.819,-5.403,5.322,2809177.038,-207052.692,154640.451,0.221,-6146820.480,69.000
175,68.897,69.996,70.248,4.847,-8.257,2.480,583681.098,-555648.700,22773.197,0.267,-4945365.862,70.200
176,69.331,70.015,70.246,1.430,-7.314,3.084,1944749.932,-58264.291,175039.243,0.389,-3430674.272,66.490
177,68.384,69.679,70.123,-4.810,-11.829,-3.470,-4824452.202,-1801558.784,-432760.616,-0.468,-5747882.606,66.000
178,67.589,69.329,69.988,-5.525,-13.635,-4.927,-4051896.345,-1868723.150,-500761.404,-0.488,-8242105.093,65.280
179,66.820,68.943,69.834,-5.391,-12.855,-6.261,-3618959.190,-1952948.077,-574608.075,-0.877,-11595703.478,69.120
180,67.586,68.960,69.810,-1.538,-6.468,-2.703,3388530.460,-109475.902,14838.411,1.000,-7063539.478,70.770
181,68.648,69.132,69.842,6.437,-5.032,2.358,4853820.757,642321.932,269578.180,0.928,-2686767.635,69.660
182,68.985,69.183,69.836,5.545,-5.199,0.898,1618911.685,119157.323,101693.438,-0.615,-5374315.175,70.680
183,69.550,69.325,69.863,8.272,-2.308,2.747,2834018.536,609164.458,270957.005,0.942,-512886.985,69.780
184,69.627,69.369,69.861,0.955,-1.774,3.286,-1376599.809,-381978.491,-59167.372,0.280,2539936.851,69.470
185,69.574,69.378,69.848,-1.837,-2.031,2.934,-1573158.766,-532864.032,-121695.546,-0.646,-1556472.899,68.930
186,69.360,69.336,69.818,-1.048,4.439,1.937,-2373581.691,-860631.985,-248014.628,-0.182,-2894663.990,68.930
187,69.216,69.297,69.789,-2.476,2.651,-0.834,-1582387.794,-778667.034,-239883.001,-0.702,-5573208.270,65.800
188,68.078,68.964,69.658,-5.704,3.720,-4.319,-8028410.783,-2696932.723,-917934.600,-0.516,-9020226.282,64.860
189,67.005,68.573,69.501,-6.636,-3.611,-5.590,-7928555.982,-3176162.595,-1141243.183,0.883,-1755972.816,67.890
190,67.300,68.508,69.448,-1.509,3.161,-2.288,-478304.978,-1500128.345,-630966.454,0.985,2933050.474,67.360
191,67.320,68.399,69.379,-2.278,-2.673,-0.311,-935308.215,-1533384.187,-670912.298,-0.705,474166.816,65.010
192,66.550,68.076,69.236,-1.201,-6.929,-1.901,-4614203.843,-2527537.607,-1041439.603,-0.376,-1439364.316,65.870
193,66.323,67.866,69.126,1.557,-5.711,0.030,-1204314.936,-1752013.752,-823180.505,0.201,-124047.596,67.400
194,66.682,67.821,69.069,-0.722,-2.319,1.414,2207454.476,-725060.699,-500092.839,0.314,1731058.404,69.470
195,67.611,67.978,69.082,3.132,-1.040,3.071,5879888.307,603493.269,-50097.797,0.526,5091386.008,70.350
196,68.524,68.204,69.124,8.214,5.805,5.377,5494882.658,996005.469,106458.569,0.782,9291035.394,69.770
197,68.940,68.353,69.145,5.921,5.712,4.807,2654180.386,612840.742,3714.873,-0.609,6114038.524,69.280
198,69.053,68.442,69.149,2.789,6.127,5.033,1215167.224,396107.424,-50926.896,0.568,8041597.644,67.710
199,68.605,68.372,69.102,-2.533,-2.040,3.028,-975868.184,-151896.998,-224927.293,-0.941,4830633.605,65.860
200,67.690,68.133,68.996,-6.382,-6.938,-1.555,-3091714.839,-834898.060,-457664.371,-0.956,1046038.956,64.320
201,66.567,67.770,68.843,-7.811,-7.666,-8.454,-5650279.546,-1780851.479,-795688.783,0.567,5012828.899,63.640
202,65.591,67.376,68.672,-8.141,-9.960,-12.269,-4863255.791,-1924504.507,-877443.521,0.197,5963345.035,64.950
203,65.377,67.145,68.550,-4.076,-6.922,-10.599,-1534370.251,-1253275.428,-680694.526,0.960,9717270.043,66.010
204,65.588,67.037,68.467,0.228,-4.981,-10.519,341039.380,-744215.040,-524217.373,-0.473,7893198.702,62.880
205,64.686,66.641,68.284,-2.239,-8.777,-15.925,-4303844.384,-1967967.123,-952722.112,-0.882,4062640.906,63.150
206,64.174,66.309,68.115,-0.770,-8.385,-15.518,-2385729.339,-1642398.754,-873927.920,-0.038,3860677.560,60.040
207,62.796,65.712,67.851,-7.560,-8.754,-20.128,-9548871.523,-3759804.196,-1628066.542,-0.947,-3412174.124,60.110
208,61.901,65.178,67.597,-8.938,-7.323,-19.109,-6166883.535,-3344861.659,-1555110.509,-0.020,-3583457.096,63.250
209,62.350,64.995,67.454,0.588,-6.835,-14.688,5426416.857,-301254.107,-565991.554,0.995,5484626.198,66.250
210,63.650,65.114,67.415,4.909,-1.648,-10.942,13369616.238,2513723.903,411779.153,0.818,13463539.380,71.290
211,66.197,65.702,67.542,18.738,9.660,-4.244,30140749.412,8339370.747,2486245.927,0.818,23801691.289,70.930
212,67.775,66.200,67.653,18.000,7.682,-4.226,19272747.941,7310549.247,2323967.208,0.065,24248680.611,73.760
213,69.770,66.920,67.853,16.617,9.436,0.751,17767317.854,8019683.384,2731589.847,0.978,29346238.640,73.660
214,71.066,67.562,68.044,11.185,6.031,-0.257,11649661.836,7200127.804,2622827.878,0.551,32573290.763,73.640
215,71.924,68.141,68.227,3.296,4.677,-2.087,7719987.911,6501128.971,2532264.343,0.100,33270090.463,73.180
216,72.343,68.621,68.389,3.172,4.887,-3.380,4345431.220,5653051.721,2370430.031,0.640,36616692.395,74.400
217,73.029,69.171,68.586,0.868,7.390,-1.339,5042919.914,5727798.919,2503789.614,0.907,41402776.930,72.530
218,72.862,69.491,68.716,-1.534,7.119,-5.090,826514.589,4457885.111,2172311.395,-0.816,38084522.246,74.530
219,73.418,69.971,68.906,1.209,13.164,-0.507,3243716.393,4802669.386,2365944.464,0.783,41245525.724,72.520
220,73.119,70.214,69.025,-0.902,12.749,-1.867,-1045332.995,3428754.991,1972850.161,-0.690,37941285.260,73.670
221,73.303,70.543,69.177,-0.981,15.761,-1.141,651841.687,3487558.425,2040828.551,0.518,39762225.549,74.830
222,73.812,70.951,69.363,3.171,15.212,1.837,2448188.498,3730732.110,2171977.848,0.695,43382787.082,74.790
223,74.138,71.317,69.540,0.349,13.301,3.372,1572260.585,3358319.982,2094877.091,-0.028,43256902.568,72.960
224,73.745,71.473,69.653,0.607,16.031,2.703,-962527.187,2463994.009,1828418.737,-0.916,40236795.631,74.220
225,73.903,71.735,69.802,0.747,17.530,4.668,859743.389,2658307.393,1916152.042,0.581,42314474.024,77.970
226,75.259,72.329,70.070,4.196,29.863,18.136,8756866.009,4743336.332,2658281.852,0.612,46318259.796,76.430
227,75.649,72.719,70.279,2.193,27.150,13.820,3705730.366,3682395.641,2361402.417,-0.909,42544419.327,72.750
228,74.683,72.722,70.360,-0.288,15.020,14.675,-3988063.969,1486391.043,1648712.087,-0.951,37539761.776,71.200
229,73.522,72.577,70.387,-4.069,7.472,5.811,-5440419.396,550055.682,1321045.125,-0.148,36743033.009,72.210
230,73.085,72.542,70.447,-7.387,1.291,9.725,-2529250.657,811296.742,1385702.230,0.233,37503249.020,73.120
231,73.096,72.597,70.535,-4.331,3.088,5.649,-753946.725,1000379.066,1431963.178,0.757,39828515.274,72.500
232,72.898,72.588,70.599,-0.344,-1.708,3.794,-1219482.590,700290.172,1314503.588,0.789,42566912.116,72.920
233,72.905,72.620,70.675,2.416,-1.005,4.380,-428256.353,743519.310,1309247.605,0.460,43831904.084,74.690
234,73.500,72.817,70.807,3.434,1.426,8.246,2033368.634,1335243.053,1494407.310,0.864,47228453.590,71.930
235,72.977,72.732,70.844,-1.627,-1.708,2.464,-2782131.030,25874.156,1038422.468,-0.843,43437357.931,73.510
236,73.154,72.806,70.931,1.393,-1.196,10.558,478239.746,689979.599,1233850.627,0.616,46167521.135,75.100
237,73.803,73.025,71.068,2.990,3.543,13.788,2088962.898,1130020.513,1367508.285,0.398,47498450.759,74.390
238,73.999,73.155,71.177,-0.402,-0.188,13.955,673388.265,816898.464,1251925.685,-0.092,47218778.980,74.590
239,74.196,73.292,71.289,3.698,2.854,7.914,611853.443,785649.449,1226904.640,0.161,47612959.463,72.620
240,73.671,73.228,71.332,-1.211,-1.425,2.614,-2065851.001,4039.035,943358.262,-0.669,45094597.160,70.490
241,72.610,72.967,71.305,-6.138,-5.800,1.192,-5253408.001,-1103823.920,531165.467,-0.451,42633240.549,71.390
242,72.204,72.817,71.307,-4.033,-4.546,1.005,-2466303.600,-702706.861,615648.737,0.129,43077227.007,70.690
243,71.699,72.614,71.287,-5.229,-3.111,1.304,-2475972.267,-873430.932,513650.103,0.580,45144769.247,69.380
244,70.926,72.306,71.225,-4.462,-6.521,-0.130,-3087288.061,-1200715.572,355500.275,-0.678,42913609.649,67.970
245,69.941,71.893,71.118,-3.575,-12.825,-1.393,-3716583.751,-1560187.910,180724.032,-0.422,41425026.664,67.710
246,69.197,71.495,71.006,-5.155,-11.409,-1.770,-2573813.734,-1439053.224,165347.057,-0.650,40704342.414,69.490
247,69.295,71.304,70.956,-1.698,-4.481,5.608,455721.211,-681544.240,373525.550,0.006,40724789.314,70.150
248,69.580,71.194,70.930,1.110,-1.475,8.156,1012900.980,-414039.025,431025.057,-0.521,39046079.939,73.450
249,70.870,71.409,71.013,8.062,1.717,8.190,5359419.320,963722.406,877629.351,0.925,42985025.939,73.200
250,71.647,71.579,71.084,8.108,0.109,8.670,3373352.130,814912.439,829222.413,-0.497,41795392.330,70.420
251,71.238,71.469,71.063,1.338,-2.869,8.322,-4369912.547,-1153787.975,151003.911,-0.511,38148904.514,70.360
252,70.945,71.363,71.040,0.299,-3.511,6.816,-2990269.491,-1065901.823,138479.737,-0.402,36600646.351,72.320
253,71.403,71.454,71.082,-1.538,-3.173,7.300,538997.779,-240812.857,383038.838,0.559,38767243.020,71.730
254,71.512,71.481,71.103,-2.008,-0.278,3.253,-801651.660,-549587.874,256285.088,0.405,41157838.012,69.890
255,70.972,71.329,71.063,-0.753,-4.925,-0.654,-2727641.454,-1123876.747,32157.019,-0.823,38213973.188,71.230
256,71.058,71.320,71.069,1.236,-5.153,2.093,-303955.616,-584134.575,180067.151,0.587,40203504.089,69.040
257,70.385,71.103,71.002,-4.535,-7.192,-0.346,-2983340.667,-1322989.451,-99348.519,-0.393,38706509.992,68.050
258,69.607,70.812,70.905,-5.130,-8.768,0.502,-3403606.088,-1601193.973,-235243.221,-0.728,35587391.942,67.720
259,68.978,70.517,70.801,-3.105,-6.747,2.824,-2628588.785,-1551418.754,-262892.760,-0.008,35561656.934,68.410
260,68.789,70.317,70.722,-3.959,-2.951,6.359,-1073054.864,-1209568.113,-187453.228,0.122,35921857.178,68.140
261,68.572,70.109,70.638,-1.304,-4.552,7.071,-1086383.299,-1200374.975,-217800.341,-0.346,34495879.788,67.450
262,68.198,69.856,70.533,-0.882,-4.583,3.849,-1167634.583,-1212733.278,-254270.400,-0.822,32911701.521,70.290
263,68.895,69.897,70.525,3.795,1.312,6.484,2473378.838,-168148.615,73915.701,0.668,35206837.386,70.720
264,69.504,69.976,70.532,3.377,4.046,12.468,2101030.972,-22959.677,115962.243,0.500,36783971.386,70.630
265,69.879,70.038,70.535,3.654,4.313,11.845,1342140.695,-37500.646,106401.519,-0.062,36663505.090,70.980
266,70.246,70.128,70.549,5.234,2.144,18.221,1068041.613,15579.744,119956.992,0.476,37370088.420,70.980
267,70.491,70.209,70.564,0.982,1.183,18.084,712027.742,14095.959,116023.976,0.010,37381155.296,69.640
268,70.207,70.155,70.533,-1.527,-5.187,10.103,-450880.979,-251693.982,21180.618,-0.621,36095351.589,70.450
269,70.288,70.183,70.531,-0.255,-3.757,6.340,165643.821,-94514.230,66344.973,0.603,37135995.046,70.070
270,70.215,70.172,70.515,-1.282,-0.497,-1.711,-77330.306,-139158.452,45701.578,-1.000,35653683.046,71.940
271,70.790,70.341,70.562,1.352,2.246,1.424,2564054.733,621411.383,301476.110,-0.086,35291051.675,72.670
272,71.417,70.562,70.631,4.351,0.484,-1.478,2666979.442,835832.095,385782.758,0.828,38548818.232,76.680
273,73.171,71.145,70.830,8.843,6.901,4.100,15652006.181,4720234.720,1737791.837,0.638,45171969.870,77.510
274,74.617,71.751,71.049,10.618,10.903,5.255,12200894.741,4775323.972,1854542.001,0.169,46253993.938,78.500
275,75.912,72.394,71.293,9.119,10.206,7.270,9959555.167,4842138.452,1973307.051,0.234,47545944.369,79.200
276,77.008,73.042,71.552,8.986,14.716,6.452,7880989.878,4735635.676,2030702.207,0.099,48073131.657,79.850
277,77.955,73.691,71.824,4.134,17.340,10.092,6434580.669,4621933.445,2080245.159,0.784,52343863.684,80.270
278,78.727,74.317,72.101,3.561,18.532,7.702,5359173.026,4487307.187,2117232.457,0.151,53498588.230,79.590
279,79.015,74.819,72.347,1.389,16.343,9.749,2386610.417,3721038.427,1931142.383,-0.293,51966946.279,80.640
280,79.556,75.374,72.619,1.818,18.345,9.461,3180186.661,3820686.115,2024132.441,0.065,52262470.261,80.980
281,80.031,75.908,72.893,1.415,20.059,8.219,2649680.334,3608112.930,2009854.908,0.980,56839664.057,80.350
282,80.137,76.331,73.137,0.100,14.312,7.434,923520.486,3023645.107,1861046.576,0.101,57243435.886,80.050
283,80.108,76.685,73.364,0.578,13.193,9.718,197356.224,2616157.735,1758882.023,0.202,58090044.183,79.890
284,80.035,76.990,73.578,-0.930,13.111,7.639,-101260.384,2300476.656,1678312.330,-0.869,54298039.694,80.110
285,80.060,77.287,73.792,-1.074,12.863,2.745,114527.751,2133393.548,1641190.746,0.832,56363722.415,81.320
286,80.480,77.671,74.039,1.207,14.567,6.398,1333785.044,2289479.841,1711063.168,0.920,59230803.745,81.150
287,80.703,78.003,74.272,1.374,16.528,11.546,722772.893,2023886.389,1638593.838,-0.074,59012366.084,80.530
288,80.646,78.243,74.477,0.801,14.308,13.104,-136219.485,1654544.424,1524075.868,-0.069,58806659.862,82.290
289,81.194,78.629,74.733,2.721,17.440,13.959,2719556.183,2299931.386,1750535.922,0.793,62606867.035,82.050
290,81.479,78.955,74.973,0.898,14.053,12.213,1134040.176,1886891.078,1626354.684,-0.040,62263443.555,83.410
291,82.123,79.379,75.250,2.785,14.779,15.048,2684563.450,2258197.642,1762723.711,0.470,64262882.305,82.130
292,82.125,79.641,75.475,1.987,7.107,12.630,473656.487,1667116.206,1575481.706,-0.814,61752244.398,82.150
293,82.133,79.880,75.694,-0.170,5.986,9.988,336821.031,1514357.531,1525897.064,-0.701,59538360.881,79.650
294,81.306,79.858,75.824,-2.925,1.465,10.733,-4679040.979,-30892.234,993547.488,-0.405,57157687.461,79.800
295,80.804,79.852,75.954,-4.328,0.758,8.557,-2967230.453,15515.655,975935.787,-0.221,56485943.721,79.140
296,80.249,79.785,76.059,-3.641,-0.889,5.379,-2680749.375,-186703.666,874830.114,-0.159,55977225.969,78.330
297,79.609,79.646,76.133,-4.650,-2.417,5.296,-2955022.360,-502595.539,731276.067,0.029,56101996.920,77.340
298,78.853,79.426,76.173,-2.900,-2.827,3.687,-2819590.007,-697465.040,623735.039,-0.271,55404744.629,77.930
299,78.545,79.284,76.230,-2.343,-3.361,7.312,-1535527.948,-532697.306,637140.322,-0.133,55172795.316,76.940
300,78.010,79.061,76.254,-2.780,-4.989,9.150,-1852898.079,-718882.166,534688.562,-0.337,54326102.424,77.800
301,77.940,78.941,76.304,-0.677,-3.174,8.979,-543836.852,-452866.188,585167.154,0.313,55080990.668,79.010
302,78.297,78.947,76.393,2.159,-1.299,11.770,888301.378,-52347.710,689016.684,0.714,57296207.811,79.340
303,78.645,78.985,76.490,1.809,-0.688,14.356,846171.009,25200.669,691406.638,0.608,58700541.018,79.380
304,78.890,79.022,76.584,3.171,-0.911,16.787,594268.646,31416.217,671703.598,-0.072,58537332.914,79.750
305,79.176,79.092,76.688,2.506,-1.931,17.782,725761.531,122590.606,682098.474,0.536,59970300.016,77.780
306,78.711,78.967,76.724,-1.557,-4.153,11.930,-2764487.383,-817178.519,340226.877,-0.484,57576738.887,79.520
307,78.981,79.019,76.816,0.227,-1.254,13.357,-294924.609,-297047.142,481340.781,0.883,59934858.994,78.840
308,78.934,79.002,76.882,-0.680,-4.192,7.338,-780218.926,-435500.515,408155.590,-0.606,58373810.104,79.010
309,78.959,79.003,76.952,-0.928,-3.705,7.937,-377906.270,-353384.367,408764.227,-0.038,58279088.896,77.380
310,78.433,78.848,76.966,-0.514,-7.229,9.884,-2446590.160,-946772.327,179494.648,-0.809,55010978.151,80.150
311,79.005,78.972,77.070,0.792,-2.411,13.914,2599438.090,352110.237,589724.154,0.591,57719695.748,80.730
312,79.580,79.140,77.190,2.397,-1.729,11.629,2520175.907,543495.123,647820.134,-0.128,57198503.684,80.000
313,79.720,79.222,77.282,1.253,0.439,11.529,774820.181,233077.371,537534.514,0.451,58874727.410,77.620
314,79.020,79.069,77.293,0.310,-2.732,11.060,-2779836.513,-730944.274,195676.009,-0.643,56201698.078,77.660
315,78.567,78.935,77.305,-3.107,-1.870,9.027,-1811250.448,-649337.992,193388.982,-0.328,55168746.797,79.750
316,78.961,79.013,77.386,-1.214,1.813,15.513,607495.411,-68926.076,365572.528,0.654,56872184.066,79.290
317,79.071,79.039,77.448,-0.887,2.521,16.517,131585.361,-140479.282,326693.601,-0.458,56056180.456,78.840
318,78.994,79.020,77.494,1.572,1.168,16.421,-138194.726,-191648.389,293760.863,-0.875,54738323.706,79.330
319,79.106,79.050,77.554,2.150,3.106,15.963,446688.719,-19448.008,337127.904,0.253,55571376.484,78.490
320,78.901,78.996,77.585,-1.580,0.887,15.189,-885193.521,-355591.816,209715.251,-0.486,53519257.913,79.300
321,79.034,79.025,77.641,0.013,0.367,17.569,248200.466,-82203.221,285297.979,0.511,55104751.019,78.810
322,78.959,79.005,77.679,-0.038,-0.668,12.121,-696847.599,-320749.936,191126.120,-0.819,50778512.922,79.970
323,79.296,79.097,77.754,0.807,0.743,13.080,839643.814,82428.786,313142.530,0.576,52720516.740,79.090
324,79.227,79.096,77.798,0.764,-0.828,11.978,-295162.737,-169685.941,218784.551,-0.685,50723532.184,79.160
325,79.205,79.102,77.843,-0.177,1.774,11.524,-153169.545,-141066.628,215900.363,0.615,51873570.338,78.370
326,78.927,79.032,77.860,-0.558,-1.446,10.411,-665264.267,-288532.065,153429.738,-0.470,50868269.526,78.440
327,78.764,78.976,77.879,-1.913,-0.507,12.636,-387040.838,-244918.914,153953.551,0.661,52467507.643,80.050
328,79.193,79.078,77.950,1.214,1.316,13.627,1861803.962,384072.751,357413.879,0.901,56028067.418,79.820
329,79.402,79.149,78.012,0.834,3.153,13.915,999940.998,278562.495,321964.738,-0.143,55578511.561,79.150
330,79.318,79.149,78.049,0.995,-1.248,10.022,-13159.135,57808.029,244544.274,0.124,55955066.612,78.910
331,79.182,79.126,78.077,0.599,-2.254,8.587,-205250.357,-3833.955,217200.763,0.573,57361476.783,79.760
332,79.375,79.187,78.132,-0.362,-0.300,4.017,733427.596,245177.231,295678.886,-0.326,56359194.573,81.480
333,80.076,79.405,78.242,2.080,4.973,5.122,3561606.170,1099728.288,588212.802,0.410,58553947.744,81.800
334,80.651,79.633,78.359,3.348,5.331,4.204,2853699.367,1131933.761,616070.932,0.698,61692190.474,80.580
335,80.627,79.723,78.432,2.116,1.041,1.742,-1646858.202,10037.847,246758.005,-0.596,56486560.661,79.020
336,80.092,79.656,78.451,-0.928,-0.341,-1.039,-3832107.588,-772118.744,-30270.335,-0.714,52730788.518,76.590
337,78.924,79.364,78.390,-6.001,-2.854,-4.585,-6043887.102,-1695483.257,-372472.820,-0.862,49017348.001,74.420
338,77.423,78.893,78.260,-9.022,-6.189,-6.496,-7853033.875,-2626516.035,-736369.692,-0.742,45096866.996,76.120
339,76.989,78.629,78.189,-5.535,-3.019,-5.605,-2418194.683,-1571468.441,-435128.598,0.695,48550724.112,78.340
340,77.439,78.602,78.194,-0.861,-1.211,-3.260,1872586.451,-426171.568,-78103.112,0.701,51854105.784,77.070
341,77.316,78.456,78.158,0.627,-2.208,-4.082,246791.921,-671754.956,-174060.293,-0.918,49681265.172,76.870
342,77.167,78.305,78.115,3.292,-3.876,-3.973,-13708.853,-658703.094,-185884.887,-0.496,48354106.265,77.600
343,77.312,78.238,78.098,1.944,-1.884,-2.866,459675.525,-462022.391,-133677.373,0.254,48842549.195,76.760
344,77.128,78.097,78.055,-2.017,-3.032,-4.182,-409807.570,-622665.379,-199746.107,-0.068,48668135.740,76.790
345,77.015,77.972,78.013,-0.363,-2.016,-5.571,-255088.507,-558187.760,-191415.100,-0.016,48639828.646,77.160
346,77.063,77.895,77.985,0.377,-1.632,-4.917,90912.726,-430463.670,-159469.844,-0.397,47800730.353,75.740
347,76.622,77.690,77.912,-2.397,-5.384,-5.948,-854897.230,-651040.191,-244291.067,-0.056,47692417.001,75.570
348,76.272,77.488,77.835,-1.550,-5.324,-8.166,-697499.373,-625484.330,-248829.185,0.009,47711658.010,77.510
349,76.684,77.490,77.824,0.938,-2.072,-5.533,1197756.311,-90841.282,-77121.091,0.700,49511548.410,76.930
350,76.766,77.437,77.795,-0.298,-2.509,-7.769,452347.061,-181091.773,-108640.774,0.389,50207841.521,77.840
351,77.124,77.475,77.796,2.773,-2.407,-5.223,1079956.867,58552.822,-28515.619,0.328,51049531.505,76.180
352,76.809,77.352,77.743,0.807,-6.505,-7.267,-856519.135,-397449.460,-182645.308,-0.733,48960206.905,76.330
353,76.650,77.254,77.697,-1.522,-6.687,-4.168,-460240.557,-327947.930,-165761.311,-0.188,48543440.212,75.630
354,76.310,77.100,77.629,-1.690,-6.143,-5.226,-880407.971,-460595.061,-216744.310,-0.676,46882491.563,75.160
355,75.926,76.915,77.548,-3.443,-4.885,-5.029,-1031520.107,-543752.139,-253367.264,-0.833,44517696.563,73.600
356,75.151,76.599,77.419,-3.387,-3.904,-6.039,-2171680.512,-915966.346,-391027.397,-0.671,42602615.024,72.830
357,74.377,76.240,77.268,-4.585,-2.137,-5.831,-2085674.258,-1010984.956,-440949.834,-0.667,40945765.024,74.000
358,74.252,76.027,77.161,-2.155,-2.785,-5.043,491329.355,-377049.572,-241399.460,0.793,44772547.851,71.900
359,73.468,75.634,76.989,-4.337,-8.221,-6.551,-2441754.897,-1132370.889,-505875.655,-0.698,42010704.493,71.710
360,72.882,75.260,76.816,-2.568,-6.955,-7.828,-1887516.121,-1098720.192,-514831.816,-0.574,39655268.727,72.450
361,72.738,74.993,76.672,-0.522,-5.750,-8.303,-69513.854,-654414.395,-381017.964,0.712,43089220.902,71.500
362,72.325,74.660,76.503,-3.378,-7.861,-9.882,-1050903.919,-879106.743,-467334.885,0.282,43985213.749,72.080
363,72.243,74.414,76.358,0.250,-6.097,-9.196,148480.074,-552787.238,-368496.099,-0.260,42844484.658,71.420
364,71.969,74.129,76.196,-0.404,-6.993,-10.445,-769738.944,-748348.165,-441862.686,-0.532,40742729.029,70.140
365,71.359,73.749,75.997,-3.188,-9.098,-9.823,-1780486.869,-1039170.504,-552030.556,-0.852,38212474.326,69.890
366,70.870,73.382,75.797,-2.252,-7.724,-12.110,-1454314.163,-1016579.861,-560225.251,-0.771,35738932.157,72.100
367,71.280,73.260,75.676,0.028,-4.592,-8.549,774696.778,-421408.573,-370292.663,0.907,37887442.416,71.300
368,71.286,73.073,75.532,-0.168,-8.012,-9.758,-282800.548,-609635.871,-436768.156,-0.459,36513015.609,71.820
369,71.464,72.954,75.411,2.395,-6.642,-7.185,176448.408,-447294.710,-386548.010,0.749,38089904.497,73.940
370,72.290,73.048,75.363,5.795,-5.010,-7.748,2763099.005,351152.424,-113664.462,0.934,41585569.961,73.560
371,72.713,73.096,75.303,2.025,-3.439,-8.881,1426885.350,199086.293,-150775.199,-0.152,41086783.135,74.750
372,73.392,73.254,75.285,4.839,-2.070,-6.562,2318857.260,570868.653,-11313.682,0.618,43216264.664,76.410
373,74.398,73.554,75.322,6.391,1.031,-1.559,6677430.747,1982650.469,493797.511,-0.245,40943866.293,77.200
374,75.332,73.902,75.384,4.409,2.714,-0.592,5680350.685,2144892.383,598466.136,0.494,43247856.401,76.170
375,75.611,74.118,75.410,3.548,3.492,-4.489,2359048.880,1532659.324,438399.878,0.603,45754928.990,76.060
376,75.761,74.303,75.431,1.753,4.435,-4.074,1428351.093,1345449.438,409827.932,0.183,46477271.742,76.860
377,76.127,74.546,75.478,0.589,3.865,-2.511,1597914.329,1401791.473,459900.485,0.407,47461756.764,79.200
378,77.152,74.989,75.600,2.591,10.153,-0.164,3724961.559,2028197.620,706430.175,0.988,50830773.201,78.610
379,77.638,75.334,75.698,3.203,9.622,0.153,1789592.589,1636831.623,615034.256,-0.829,47907021.463,79.400
380,78.225,75.721,75.820,4.391,9.593,0.126,1756703.026,1641983.268,650309.326,1.000,50047431.463,78.560
381,78.337,75.992,75.910,2.212,9.874,-0.317,546166.111,1307041.269,567515.325,-0.801,48259194.498,79.700
382,78.791,76.345,76.034,0.631,10.572,-0.338,1300496.861,1450100.040,641011.818,0.887,50443745.917,77.780
383,78.454,76.482,76.091,-1.056,8.905,-1.656,-1185419.373,725590.337,418117.927,-0.685,48246122.719,78.690
384,78.533,76.692,76.176,-0.894,12.190,-0.594,-12245.962,878781.815,480937.040,0.692,50021854.565,78.700
385,78.588,76.883,76.259,0.178,12.606,0.421,2399.865,798106.549,466207.678,-0.657,47941098.201,79.670
386,78.949,77.149,76.371,-0.038,10.499,1.568,681682.754,916405.785,517815.575,0.496,48984491.800,80.450
387,79.449,77.463,76.505,3.433,12.833,0.500,1176410.429,1035401.975,571850.008,0.007,49003127.713,79.690
388,79.530,77.675,76.609,1.271,10.958,-0.163,72199.473,733342.507,483060.748,-0.244,48316038.624,77.780
389,78.946,77.685,76.648,-1.169,5.193,-1.731,-1422056.412,243446.251,322613.897,-0.896,46246474.378,78.450
390,78.781,77.758,76.707,-1.531,6.648,-0.583,-493183.094,350219.326,356776.181,0.663,47596069.680,77.880
391,78.481,77.770,76.745,-3.195,4.187,-2.357,-994126.550,126768.585,279635.537,-0.092,47273210.715,77.870
392,78.277,77.779,76.782,-2.284,1.911,-4.431,-676956.850,110636.582,269069.865,-0.109,46808293.079,80.890
393,79.148,78.075,76.917,3.998,4.780,-1.112,5329599.567,1751786.660,828861.424,0.609,50305678.192,80.250
394,79.515,78.283,77.026,2.294,5.356,-0.410,2703825.845,1342309.682,718153.784,0.425,51996161.274,82.780
395,80.604,78.711,77.215,6.292,8.835,4.758,5301441.893,2214153.902,1038761.003,0.977,56050212.662,83.480
396,81.562,79.165,77.420,7.204,8.613,8.996,4597483.529,2307050.369,1109279.226,0.466,58172429.320,83.580
397,82.235,79.586,77.622,3.326,5.530,12.309,3128735.586,2105544.591,1079179.570,0.129,58418579.429,83.040
398,82.503,79.915,77.800,3.477,5.635,9.091,1740243.164,1806279.232,1009805.102,0.296,58986094.674,82.090
399,82.366,80.122,77.940,-0.834,3.388,4.787,628303.659,1482293.081,924382.793,0.475,59783882.349,82.740
400,82.490,80.371,78.098,-0.886,5.321,7.357,1117610.223,1540762.630,962803.794,0.396,61059945.263,81.880
401,82.287,80.515,78.222,-2.034,2.735,6.517,39910.462,1192548.184,861876.160,-0.610,59559423.953,82.770
402,82.448,80.730,78.371,-0.325,6.416,6.662,1180309.821,1408601.551,947096.894,0.189,60292756.741,82.660
403,82.519,80.913,78.511,0.694,5.045,7.686,669538.121,1240924.710,904503.380,0.056,60472534.719,83.860
404,82.966,81.194,78.687,1.354,6.557,9.207,1530511.947,1432499.461,981485.551,0.585,62058397.112,85.500
405,83.810,81.604,78.910,4.421,7.318,10.809,3667624.925,2052437.692,1209694.250,0.463,64302525.112,86.500
406,84.707,82.070,79.159,4.506,7.520,14.206,3598639.950,2186555.054,1283496.734,0.338,65473828.805,86.520
407,85.311,82.494,79.400,4.670,8.571,14.490,2419025.460,1984006.619,1243375.414,0.786,67825049.620,86.780
408,85.801,82.902,79.642,3.482,11.571,11.960,1895226.160,1875780.042,1230400.075,0.677,70033508.523,87.520
409,86.374,83.342,79.901,2.363,11.562,13.766,2110158.807,1939041.381,1273338.567,0.662,72306356.969,85.400
410,86.049,83.538,80.081,-1.272,9.656,9.712,-1380230.342,958084.236,957458.331,0.284,73427653.911,85.060
411,85.720,83.683,80.244,-1.687,9.233,11.657,-1290810.228,760936.213,889608.222,-0.163,72895246.934,84.800
412,85.413,83.789,80.394,-2.282,4.834,11.097,-1035588.359,638452.324,843222.883,-0.372,72144436.060,85.600
413,85.475,83.962,80.564,-2.194,6.667,13.183,-7664.506,772712.408,882729.778,-0.380,71170827.848,86.880
414,85.944,84.240,80.771,1.733,4.953,15.593,1075265.796,1007799.455,960054.258,0.560,72587891.426,86.900
415,86.262,84.493,80.972,2.163,4.097,18.071,735823.997,917241.449,930443.967,0.212,73191804.760,85.620
416,86.048,84.600,81.125,0.967,2.441,17.561,-1019782.828,398361.647,751380.346,-0.704,70700805.537,86.410
417,86.169,84.773,81.298,0.946,4.058,16.770,28878.008,562917.650,796456.390,-0.752,68676700.810,87.380
418,86.573,85.021,81.497,0.576,6.444,21.530,1176810.558,840037.460,884201.284,0.480,70395769.101,87.040
419,86.728,85.213,81.679,0.161,5.197,21.378,428791.006,658391.216,820219.337,-0.773,67968302.834,88.460
420,87.306,85.523,81.901,3.317,8.036,22.098,1645094.137,984039.710,927021.995,0.196,68531634.987,88.610
421,87.740,85.817,82.121,2.546,7.056,23.930,1215982.875,924394.057,908357.678,-0.612,67073139.556,88.000
422,87.827,86.025,82.314,0.710,6.460,22.087,350608.296,704914.541,833324.939,-0.667,65564788.889,88.620
423,88.091,86.272,82.521,1.815,5.676,24.083,983517.264,852002.223,879751.505,-0.383,64174070.889,86.740
424,87.641,86.316,82.659,-1.944,1.450,23.667,-2417675.637,-107241.936,548610.097,-0.667,60904545.556,86.900
425,87.394,86.372,82.798,-1.930,0.462,24.338,-1454995.918,-52231.892,546044.636,0.015,60949772.817,86.200
426,86.996,86.356,82.910,-2.045,-0.370,19.556,-1526511.279,-206261.426,473402.451,-0.722,59228106.989,86.640
427,86.877,86.383,83.032,-2.234,-0.161,21.515,-579925.959,-61546.559,500938.262,-0.200,58631177.589,88.320
428,87.358,86.567,83.205,1.822,0.914,22.974,1411865.254,458167.178,661413.980,0.455,60093469.640,87.870
429,87.529,86.691,83.358,1.116,2.892,18.840,560577.103,305770.380,602285.679,-0.515,58787623.737,87.470
430,87.509,86.765,83.493,1.473,2.833,18.910,96697.668,197500.706,555290.700,0.014,58816886.456,87.690
431,87.569,86.853,83.631,1.212,3.408,17.311,251850.259,232229.728,555515.773,-0.329,57974982.618,88.060
432,87.733,86.968,83.776,-0.294,2.874,15.247,523992.983,311853.414,572327.664,1.000,60862221.618,85.830
433,87.099,86.860,83.843,-2.322,-1.209,11.179,-1582787.945,-269880.225,363518.566,-0.766,58870265.356,85.340
434,86.512,86.715,83.892,-2.435,-1.795,12.039,-1462148.397,-360450.613,311571.423,0.315,59655280.561,86.130
435,86.385,86.659,83.966,-1.779,0.596,13.240,-347010.268,-146763.318,363102.393,0.085,59856735.294,86.970
436,86.580,86.689,84.064,-1.238,0.648,13.154,665301.862,123397.581,439391.695,0.645,61922119.536,87.730
437,86.963,86.788,84.184,2.214,0.401,10.770,1061241.294,288133.065,485743.448,0.639,63479495.562,87.170
438,87.032,86.825,84.282,2.144,0.149,10.889,285976.036,140258.060,428356.631,-0.165,63107904.056,87.110
439,87.058,86.852,84.375,1.138,-1.526,9.710,153130.491,116180.093,410621.640,-0.296,62552605.096,86.620
440,86.912,86.830,84.449,-0.402,-2.246,10.260,-263226.789,739.955,361226.132,-0.191,62125016.934,87.550
441,87.125,86.898,84.550,-0.205,-0.511,9.849,540497.054,205235.649,419807.070,0.558,63414803.609,89.440
442,87.896,87.140,84.711,2.604,0.925,14.991,2218826.959,716688.137,588845.748,0.760,65655663.677,89.390
443,88.394,87.355,84.864,2.617,3.055,13.598,1439697.506,637140.562,565652.071,0.000,65655663.677,89.420
444,88.736,87.551,85.013,3.233,2.900,13.621,978810.617,581892.588,548976.162,-0.481,64742086.586,89.500
445,88.991,87.737,85.161,2.227,3.828,12.338,705472.145,541597.599,536183.344,0.354,65443833.051,87.990
446,88.657,87.761,85.253,-1.621,1.558,9.372,-1684935.920,-125769.034,306611.692,-0.930,61460123.672,89.900
447,89.071,87.965,85.406,0.571,1.789,12.812,541802.183,361949.768,460338.469,0.897,63805831.126,88.970
448,89.038,88.060,85.523,-0.503,1.252,14.387,-694703.494,25791.233,341385.901,-0.353,62603662.302,89.080
449,89.052,88.158,85.639,-0.469,1.841,13.550,-349795.586,55717.804,341341.125,0.416,63890225.335,89.060
450,89.055,88.243,85.751,1.216,1.562,14.355,-247095.658,46440.318,328782.537,0.852,65666157.557,91.160
451,89.756,88.521,85.929,1.402,3.520,17.067,3216895.362,1008196.231,650621.713,0.262,66934267.232,91.060
452,90.191,88.763,86.097,2.349,6.093,12.573,2026572.241,878456.209,617680.870,0.567,68942757.174,90.920
453,90.434,88.968,86.255,2.066,6.539,13.296,1177520.354,745214.339,580360.729,-0.537,66944782.427,91.040
454,90.636,89.166,86.412,2.223,5.701,9.978,885018.769,702814.459,571169.086,0.243,67551610.097,90.450
455,90.574,89.288,86.544,-0.779,4.001,8.349,12580.103,470899.060,495645.600,-1.000,64615513.097,89.490
456,90.213,89.307,86.641,-1.724,2.006,7.071,-795604.945,196339.622,400313.776,-0.766,62690752.314,91.360
457,90.595,89.503,86.796,0.484,4.807,10.019,1533927.104,767449.296,590237.626,0.462,64219256.929,91.020
458,90.737,89.647,86.934,-0.022,4.489,10.878,695565.722,600915.360,538716.489,0.136,64612769.111,90.390
459,90.621,89.718,87.047,-0.066,4.352,9.246,-227561.218,346179.125,453059.716,-0.825,61897058.861,90.940
460,90.727,89.834,87.175,1.620,3.872,11.065,574531.404,520706.509,509638.631,0.673,64561093.042,88.590
461,90.015,89.716,87.221,-3.032,-0.950,7.032,-5212032.180,-1127471.192,-57403.925,-0.085,63952528.921,90.640
462,90.223,89.804,87.334,-0.417,1.398,9.654,-823005.604,-262469.407,205299.402,0.484,65829169.487,91.160
463,90.536,89.933,87.459,0.852,1.946,8.705,50753.878,-66208.241,257528.039,-0.457,64248270.287,91.650
464,90.907,90.097,87.596,0.781,2.402,7.193,414486.212,48854.533,286525.509,0.431,65251685.176,90.510
465,90.775,90.136,87.692,2.167,2.864,4.636,-832561.839,-272622.846,168060.478,-0.965,62435359.094,89.300
466,90.283,90.056,87.745,-1.478,-0.667,3.213,-1967441.959,-650201.832,23625.636,-0.625,60246721.594,88.490
467,89.685,89.907,87.769,-2.929,-0.540,1.971,-2167256.893,-832743.254,-61309.196,-0.756,57851550.199,88.570
468,89.314,89.780,87.795,-3.361,-0.573,1.200,-1389505.022,-737624.970,-53856.478,0.085,58028144.582,89.180
469,89.269,89.723,87.841,-1.469,0.135,4.426,-416557.851,-521723.879,-1948.512,-0.232,57445684.915,90.480
470,89.673,89.795,87.927,1.321,-0.746,6.372,635895.332,-211007.157,87977.725,0.581,58670783.388,89.630
471,89.658,89.779,87.983,1.288,-1.570,5.696,-846596.228,-553918.795,-39876.606,-0.026,58554812.414,89.980
472,89.766,89.798,88.049,1.592,-1.034,5.117,-283529.719,-420916.690,-10942.838,0.324,59335306.012,88.690
473,89.407,89.693,88.070,-0.549,-2.581,2.083,-1795707.503,-839883.012,-168618.911,-0.410,57803960.520,88.870
474,89.228,89.614,88.096,-1.779,-1.747,2.267,-1090071.935,-729303.754,-152559.301,0.820,59266879.800,86.930
475,88.462,89.359,88.058,-3.012,-2.861,1.530,-2453481.463,-1153208.208,-317403.276,-0.217,58688012.681,86.490
476,87.805,89.085,88.006,-3.879,-5.331,0.093,-1940851.216,-1130577.971,-337015.979,-0.561,57519599.633,86.490
477,87.366,88.838,87.957,-2.481,-4.977,-1.019,-1293900.810,-1022903.878,-325966.274,-0.217,57144337.262,86.600
478,87.111,88.625,87.912,-2.554,-4.193,-0.506,-798612.770,-907202.241,-308984.977,0.084,57291123.140,86.070
479,86.764,88.382,87.852,-0.989,-5.355,-2.702,-929670.367,-934305.415,-337929.258,-0.543,56069872.485,86.850
480,86.793,88.236,87.819,0.416,-1.964,-1.986,-60807.285,-685617.387,-271868.663,0.223,56549345.694,85.870
481,86.485,88.011,87.755,-0.717,-5.263,-2.420,-700184.683,-808790.919,-327838.198,-0.802,54929677.965,88.050
482,87.007,88.014,87.765,1.674,-3.412,-0.643,2026989.238,-19254.919,-71799.665,0.826,57765774.244,88.950
483,87.654,88.103,87.803,3.346,-2.946,2.548,2142747.459,208699.254,8399.141,0.115,58069269.138,87.350
484,87.553,88.032,87.789,0.576,-3.491,0.518,199914.839,-162200.713,-112720.516,-0.192,57626270.292,86.330
485,87.145,87.870,87.741,0.536,-3.326,0.151,-328085.421,-278570.735,-154404.629,-0.733,56631175.825,86.430
486,86.907,87.733,87.698,-1.840,-2.328,-0.242,-170816.514,-238352.446,-144630.008,-0.246,56278176.141,85.600
487,86.471,87.529,87.629,-3.766,-3.353,-3.080,-429428.182,-305809.500,-170925.795,-0.902,55249450.180,85.190
488,86.044,87.307,87.549,-2.473,-4.474,-3.050,-707976.605,-397167.972,-206799.489,-0.187,54672712.797,83.840
489,85.309,86.976,87.427,-2.884,-7.339,-4.150,-1848469.153,-752623.808,-335411.120,-0.746,52391246.360,84.660
490,85.093,86.756,87.337,-2.048,-5.545,-3.455,-197470.856,-385276.232,-222626.305,0.436,54041557.104,85.230
491,85.139,86.611,87.268,-0.432,-5.279,-3.214,457646.503,-180213.617,-157363.763,0.234,54767450.849,88.330
492,86.202,86.774,87.302,3.686,-0.406,2.913,3927459.035,871909.975,204093.544,0.835,57694382.363,89.230
493,87.212,87.008,87.366,6.429,0.405,4.558,3454469.924,1027774.901,279647.582,0.814,59963044.107,89.390
494,87.938,87.235,87.432,5.587,2.830,3.785,2414670.456,961803.150,281464.760,0.269,60526310.887,90.580
495,88.818,87.554,87.535,6.277,4.729,4.151,2059190.944,998605.890,316440.732,0.794,61426020.769,91.190
496,89.609,87.900,87.655,3.238,5.434,3.944,1909330.239,1056796.647,358839.686,0.833,63624939.936,90.810
497,90.009,88.177,87.759,1.771,4.861,4.176,948114.253,863357.183,315129.607,-0.902,61311091.692,91.310
498,90.443,88.475,87.875,2.148,6.088,4.821,1030956.169,895098.404,344031.587,0.872,63398846.585,92.080
499,90.989,88.819,88.013,1.656,6.022,6.303,1315916.969,989454.610,394582.636,-0.203,62902615.402,91.590
500,91.189,89.083,88.130,0.439,6.661,4.615,508894.509,789968.418,345411.061,-0.217,62412309.098,89.430
501,90.603,89.116,88.173,-1.520,1.567,-0.011,-1745104.594,119199.730,129066.344,-0.764,60201464.502,89.200
502,90.135,89.124,88.206,-2.311,0.281,-0.213,-1373425.569,47840.945,104176.709,0.094,60459017.185,89.600
503,89.957,89.169,88.252,-2.693,2.576,0.201,-649587.046,119293.236,126927.965,0.037,60532914.408,89.970
504,89.961,89.245,88.308,-1.769,4.216,0.525,-216284.897,169867.156,144088.340,0.923,62155332.869,90.690
505,90.204,89.383,88.387,1.409,4.929,3.069,399929.668,309152.074,192884.092,0.159,62515536.654,90.550
506,90.319,89.494,88.457,1.513,5.783,0.723,193031.299,258683.740,179321.813,-0.286,62064994.940,91.070
507,90.570,89.644,88.543,1.641,6.902,2.360,501384.013,340531.902,210101.079,0.696,63560766.766,89.750
508,90.296,89.654,88.583,-0.245,7.049,0.752,-843567.672,-28420.759,87361.010,-0.747,61559872.544,89.500
509,90.031,89.640,88.613,-1.312,5.717,0.494,-728488.031,-73173.901,68158.067,-0.451,60660926.563,89.130
510,89.731,89.591,88.630,-1.568,4.576,-2.227,-709999.184,-130302.243,43857.098,-0.706,59376942.799,90.670
511,90.044,89.694,88.697,-0.439,2.649,-0.428,542777.177,172424.628,142364.403,0.863,61084394.363,92.100
512,90.729,89.923,88.808,2.618,3.216,1.298,1770277.042,558410.546,276230.382,0.373,62186908.916,91.680
513,91.046,90.090,88.902,2.436,2.562,0.703,894612.694,423636.589,239084.599,-0.976,60196260.723,92.540
514,91.544,90.324,89.022,3.826,2.164,2.311,1314644.916,588500.663,301891.968,0.963,62608941.316,92.550
515,91.879,90.536,89.137,2.073,1.491,3.419,888764.524,535977.146,293207.108,0.470,64348433.367,92.800
516,92.186,90.751,89.257,0.760,2.191,1.576,680260.349,510003.323,292224.973,0.696,65081778.224,94.100
517,92.824,91.070,89.416,2.640,3.056,3.384,1430868.133,740677.644,378777.719,0.618,66476766.912,93.990
518,93.213,91.348,89.566,1.567,2.074,3.983,850870.249,640696.391,356223.514,0.524,67950425.156,93.080
519,93.169,91.513,89.681,0.573,1.627,2.353,108255.572,448537.327,299397.373,-0.853,66659382.091,94.650
520,93.662,91.812,89.844,1.994,5.837,6.841,1289825.225,753720.870,409350.395,0.889,68728884.770,96.150
521,94.492,92.225,90.051,2.179,7.791,6.079,2444649.983,1134728.358,551807.742,0.600,70630604.570,95.340
522,94.774,92.522,90.224,1.436,6.406,4.585,1018874.106,852118.262,473627.894,-0.641,69180937.175,96.110
523,95.220,92.864,90.417,3.255,6.824,4.866,1234736.900,929674.856,512737.225,0.232,69682581.512,95.940
524,95.460,93.157,90.598,1.363,5.789,5.999,692417.904,803780.099,483066.493,0.694,71283055.648,98.500
525,96.473,93.665,90.858,2.444,8.780,10.302,6789669.962,2535246.192,1089660.184,-0.528,67366048.576,99.580
526,97.509,94.229,91.143,4.447,9.344,12.532,6277842.322,2794192.940,1226202.048,0.720,70867021.249,99.470
527,98.163,94.728,91.416,3.496,10.830,12.307,4052017.664,2490019.169,1172896.026,0.208,71622883.430,100.080
528,98.802,95.238,91.701,4.315,11.821,12.222,3326259.406,2431421.428,1195907.398,0.333,72647333.097,100.590
529,99.398,95.747,91.992,2.122,12.858,11.174,2705969.141,2339418.303,1204742.848,0.208,73244754.196,101.440
530,100.079,96.290,92.302,1.868,11.878,13.176,2600817.594,2344284.607,1243620.607,0.718,75263043.254,101.900
531,100.686,96.824,92.616,2.443,10.641,13.247,2223077.356,2260790.538,1250964.091,0.133,75688433.654,101.320
532,100.897,97.252,92.902,1.239,10.515,14.241,956083.404,1895200.534,1158214.301,-0.921,73183395.783,102.470
533,101.421,97.749,93.216,1.869,10.730,15.303,1697835.753,2017690.050,1224546.306,1.000,75949778.783,102.410
534,101.751,98.193,93.517,0.956,10.654,17.807,1081867.202,1811236.722,1179476.922,0.113,76233416.051,103.080
535,102.194,98.658,93.831,1.158,11.078,19.181,1254680.041,1791148.055,1193274.588,0.444,77293221.164,103.620
536,102.669,99.131,94.151,2.270,10.117,19.806,1344108.981,1765606.989,1204084.171,0.224,77926351.756,103.450
537,102.930,99.542,94.456,0.956,10.065,19.457,771162.491,1561765.324,1152319.755,-0.174,77542116.499,102.850
538,102.903,99.857,94.732,0.430,10.496,19.496,68396.927,1285679.655,1070698.314,-0.491,76447386.744,102.900
539,102.902,100.147,94.999,-0.175,8.716,18.480,79930.751,1173043.345,1038970.448,0.267,76996711.544,102.730
540,102.845,100.393,95.253,-0.859,6.843,19.634,-43996.409,1033529.624,995336.967,-0.517,76108727.579,101.350
541,102.346,100.484,95.453,-2.030,6.304,15.105,-1222628.899,594155.957,845329.398,-0.646,74431716.831,102.270
542,102.321,100.654,95.676,-0.564,6.409,14.975,-201399.626,712908.620,877976.268,-0.459,73513895.696,101.340
543,101.994,100.720,95.862,-1.516,5.629,16.016,-863431.678,436679.629,777468.988,0.000,73513895.696,102.020
544,102.003,100.843,96.064,-0.691,3.574,18.174,-195917.052,503577.969,789326.142,-0.306,73002039.724,101.710
545,101.905,100.926,96.249,0.355,2.139,17.679,-345455.938,394234.000,742314.344,0.185,73387065.835,100.570
546,101.460,100.892,96.391,-1.662,1.106,17.488,-1301294.819,50690.516,612632.805,0.061,73557877.774,101.150
547,101.357,100.917,96.547,-0.187,1.069,18.735,-274092.052,215416.513,650917.417,0.429,74873380.346,102.120
548,101.611,101.031,96.729,0.098,1.521,21.803,516186.065,394590.397,698321.512,0.796,76593185.528,101.770
549,101.664,101.102,96.895,0.059,0.325,20.210,165259.927,305906.326,657832.533,0.510,77374776.626,102.810
550,102.046,101.264,97.089,2.227,0.893,20.627,721916.884,451556.276,696435.755,0.897,78957499.461,102.000
551,102.031,101.334,97.250,0.840,0.671,15.476,-57273.527,254679.073,620629.522,0.310,79574886.485,103.510
552,102.524,101.542,97.455,1.361,1.015,16.004,1510793.265,672988.386,752639.270,0.990,82621851.832,101.890
553,102.313,101.575,97.600,0.118,-0.508,13.984,-535149.250,168224.322,576256.531,-0.887,80089764.952,98.660
554,101.095,101.297,97.635,-4.037,-4.288,8.920,-7166317.843,-1793383.235,-112429.094,-0.753,75326748.643,98.710
555,100.300,101.051,97.670,-3.225,-4.738,8.247,-4720618.062,-1606319.927,-103143.501,-0.110,74951404.687,99.980
556,100.193,100.949,97.746,-3.410,-3.354,10.098,-2037726.088,-1136379.185,9354.904,0.989,77542144.074,98.090
557,99.492,100.677,97.757,-3.730,-4.628,7.425,-2972173.619,-1489206.756,-149675.377,-0.937,75143361.407,99.200
558,99.395,100.536,97.805,0.547,-3.596,7.732,-1170814.599,-1115767.690,-65033.449,0.600,76457903.807,100.400
559,99.730,100.523,97.890,1.712,-2.268,9.619,239248.134,-718135.186,37406.127,0.619,78036152.093,101.030
560,100.163,100.571,97.993,1.050,-0.316,12.971,614694.546,-519685.419,80953.053,0.206,78481970.327,101.660
561,100.662,100.675,98.113,3.640,-0.596,13.969,815811.414,-354187.270,118234.761,0.662,79761288.063,101.620
562,100.981,100.765,98.228,2.440,0.276,13.415,519350.956,-327461.812,111946.082,0.935,81481875.837,102.770
563,101.578,100.956,98.377,2.361,0.735,14.227,1142585.587,-68745.939,186605.385,0.040,81564973.397,102.290
564,101.815,101.083,98.505,1.247,0.570,12.791,459567.085,-148529.175,150766.851,-0.220,81149923.068,102.910
565,102.180,101.257,98.650,1.230,2.327,13.650,607697.850,-48292.170,175461.688,0.087,81277321.039,103.350
566,102.570,101.456,98.804,1.702,2.175,13.484,647019.700,25417.884,193501.088,0.745,82506750.766,104.220
567,103.120,101.720,98.981,1.411,2.056,16.123,893096.647,154925.756,232574.841,0.898,83936726.065,103.380
568,103.207,101.878,99.125,1.066,1.582,15.508,74871.884,-8550.758,173750.169,-0.286,83405577.208,103.640
569,103.351,102.045,99.273,0.709,0.807,16.280,203682.576,36197.311,183178.162,-0.469,82573899.396,104.100
570,103.601,102.241,99.432,0.726,2.059,14.812,381417.344,102929.651,201332.547,0.356,83144077.158,104.240
571,103.814,102.432,99.589,0.019,0.705,13.181,411503.689,138048.387,210196.279,0.027,83235134.375,102.640
572,103.423,102.451,99.689,-0.716,0.736,11.955,-560649.807,-113666.393,121174.866,-0.607,82284592.732,102.300
573,103.048,102.437,99.775,-1.293,3.689,10.547,-600339.025,-167576.018,94916.102,0.271,82826034.336,103.120
574,103.072,102.502,99.885,-0.941,4.468,11.421,93115.504,-10661.678,140329.494,-0.065,82708322.945,101.050
575,102.398,102.364,99.923,-3.060,1.070,8.890,-1295653.248,-397569.208,2181.289,-0.938,80862943.540,101.320
576,102.039,102.264,99.969,-1.286,3.293,7.673,-710354.832,-315872.903,17199.673,0.041,80932995.595,99.400
577,101.159,101.992,99.950,-2.835,0.202,5.756,-2324839.648,-814723.986,-165456.358,-0.624,79129368.807,103.790
578,102.036,102.163,100.076,0.650,3.376,11.506,4034173.731,858316.440,389220.915,0.909,82596586.436,105.120
579,103.064,102.444,100.241,4.028,4.048,11.062,4602664.351,1323204.931,564644.675,0.536,84911140.294,105.630
580,103.919,102.748,100.418,4.254,3.905,9.860,3540136.121,1331954.905,592527.789,0.710,86880941.348,105.790
581,104.543,103.038,100.594,6.429,4.104,10.961,2497962.480,1244493.980,586661.803,-0.262,86204839.578,104.000
582,104.362,103.129,100.706,0.202,1.197,8.209,-397851.050,536496.639,364493.281,-0.489,84515614.854,104.510
583,104.411,103.261,100.831,-0.580,2.170,8.933,635253.587,742683.898,441115.235,-0.331,82762129.833,105.740
584,104.854,103.497,100.991,0.104,2.750,7.350,1765493.071,1055378.007,558651.523,-0.045,82613868.774,105.100
585,104.936,103.650,101.126,-0.652,1.693,5.543,286214.794,700357.076,452717.317,0.659,85365925.274,105.200
586,105.024,103.797,101.260,1.154,0.940,5.761,282814.463,659943.431,446923.759,0.073,85567886.591,105.260
587,105.103,103.937,101.391,0.718,1.819,5.176,232558.615,609667.573,436599.929,-0.576,84300769.682,105.650
588,105.285,104.100,101.531,-0.085,1.939,5.030,377098.317,615049.492,444127.069,0.477,85116022.136,107.100
589,105.890,104.385,101.713,1.903,2.882,5.580,1621565.261,947949.459,564335.990,0.914,87706993.050,105.450
590,105.743,104.487,101.836,0.238,1.161,3.484,-210098.543,488770.830,418835.592,-0.412,86740362.639,103.100
591,104.862,104.355,101.877,-2.052,0.448,1.757,-3389987.228,-486327.783,85438.864,-0.657,84015146.835,105.360
592,105.028,104.450,101.991,-0.274,2.991,2.820,-448177.359,77650.328,260848.816,0.845,86047997.704,103.790
593,104.615,104.388,102.050,-3.091,0.650,1.348,-1841640.129,-370560.719,100540.144,-0.731,83893594.281,102.120
594,103.784,104.172,102.053,-3.158,1.059,-0.931,-2736380.750,-766303.698,-51145.172,-0.539,82432682.617,103.220
595,103.596,104.081,102.091,0.116,1.875,-0.386,-1037778.766,-468615.231,27889.922,0.231,82927666.924,103.450
596,103.547,104.021,102.135,-1.813,4.074,0.000,-558395.088,-385854.517,40102.458,0.437,83688438.709,103.750
597,103.615,103.995,102.188,-0.039,-0.039,0.875,-155349.692,-287131.125,60123.397,0.741,85295623.119,104.170
598,103.800,104.012,102.253,2.007,-0.904,1.234,131671.199,-192574.543,81290.269,-0.064,85188371.906,105.930
599,104.510,104.194,102.374,2.625,0.284,3.115,1655227.999,273607.947,232800.149,0.452,86395421.982,104.680
600,104.567,104.241,102.449,1.189,-1.049,3.286,516409.499,79814.095,167422.193,-0.872,85166658.610,106.500
601,105.211,104.456,102.582,2.651,2.404,4.136,1400864.293,374095.979,265859.953,0.811,86578298.800,106.820
602,105.747,104.681,102.721,2.544,2.210,5.408,1156940.142,402190.823,279080.671,0.754,88154058.568,104.700
603,105.398,104.683,102.786,-1.161,-0.984,2.627,-553501.639,-14625.941,139622.773,-0.931,86408005.136,106.110
604,105.636,104.819,102.895,1.366,0.961,4.326,511504.428,238340.011,221652.078,0.901,88096848.131,107.280
605,106.184,105.053,103.039,0.732,1.977,6.672,1024220.552,410845.991,281586.528,0.379,88761339.166,107.190
606,106.519,105.257,103.175,0.346,1.834,5.971,644963.121,360903.350,268631.175,0.056,88831432.832,107.860
607,106.966,105.505,103.329,3.018,2.092,5.621,777207.604,425740.800,293977.581,0.724,89957301.488,108.290
608,107.407,105.770,103.491,2.054,1.111,6.407,883945.996,489710.512,320320.047,0.960,92407361.648,107.460
609,107.425,105.931,103.621,0.168,1.906,4.523,154830.511,318938.038,267083.309,-0.550,91544182.535,108.120
610,107.657,106.139,103.769,0.868,4.869,6.000,434713.260,383275.250,290932.340,0.522,92330331.752,106.830
611,107.381,106.205,103.869,-0.955,1.395,3.207,-562332.910,103303.774,197576.353,-0.774,90795612.392,107.650
612,107.471,106.343,103.993,-0.591,3.719,5.653,366570.154,305310.679,264028.810,0.590,92395382.699,109.220
613,108.054,106.617,104.165,1.638,6.953,10.703,1213571.456,553145.287,350702.425,0.882,94029463.287,107.670
614,107.926,106.717,104.279,-0.416,4.311,9.077,-6646.580,267409.293,258971.767,-0.847,92691900.190,108.380
615,108.077,106.875,104.414,1.451,4.766,8.402,707640.490,445390.754,320520.713,-0.165,92194389.852,108.310
616,108.155,107.012,104.542,0.613,4.395,10.419,423018.230,389046.273,305217.532,-0.270,91629809.581,106.590
617,107.633,106.972,104.609,-2.408,2.323,7.450,-1190891.500,-68835.368,150334.631,-0.936,89224771.454,104.040
618,106.435,106.693,104.590,-3.371,-1.784,3.625,-3780657.667,-915631.047,-148371.095,-0.644,86963415.018,104.990
619,105.954,106.530,104.603,-3.128,0.296,3.920,-1629176.311,-573781.767,-55841.341,0.312,87842950.018,104.830
620,105.579,106.369,104.611,-3.213,-1.568,3.118,-1182932.847,-546797.400,-63533.294,0.650,89022886.568,105.550
621,105.569,106.291,104.642,-0.976,-1.189,3.867,18433.782,-264134.120,17932.291,0.567,90928434.701,105.420
622,105.520,106.208,104.667,1.326,0.688,2.579,-118847.142,-276446.013,4445.691,0.651,92897881.416,104.970
623,105.336,106.090,104.677,-0.019,-1.074,2.620,-355031.628,-328917.878,-22827.958,-0.250,92438214.416,100.640
624,103.771,105.571,104.545,-3.997,-6.189,-2.206,-7940213.845,-2498599.821,-779803.378,-1.000,87100898.416,102.080
625,103.207,105.238,104.464,-3.288,-4.767,-1.229,-3332662.457,-1700405.522,-561369.158,0.915,90837440.615,102.110
626,102.842,104.940,104.387,-3.140,-5.331,-2.025,-2188815.061,-1529045.022,-539721.654,0.333,91936104.281,98.910
627,101.531,104.366,104.207,-5.773,-8.662,-4.324,-5914286.308,-2656300.620,-960230.085,-0.711,88967171.679,98.720
628,100.594,103.828,104.027,-1.908,-8.133,-4.747,-4162591.208,-2466100.657,-950360.279,0.156,89507401.973,101.650
629,100.946,103.621,103.949,-0.421,-5.984,-2.354,1224302.271,-1088558.763,-525820.951,0.752,92587045.783,106.250
630,102.714,103.871,104.025,4.054,-0.543,1.928,9459049.514,1484498.643,341535.277,0.519,95509748.005,104.510
631,103.313,103.932,104.041,5.662,-2.917,1.822,4332091.169,779134.437,136179.185,0.159,96049303.176,103.460
632,103.362,103.887,104.022,4.801,-5.274,1.134,2102362.230,480445.857,54432.469,-0.966,93881197.287,105.440
633,104.055,104.035,104.068,3.728,-2.071,2.250,3251451.200,963225.218,234602.852,0.993,96664439.986,105.630
634,104.580,104.187,104.119,-0.584,-2.537,4.532,2310375.813,912272.820,240951.120,-0.254,96092576.225,104.820
635,104.660,104.247,104.142,0.297,-3.222,3.454,840395.692,625431.166,164212.902,-0.483,94840235.045,105.630
